Title,Year,Rated,Released,Runtime(in minutes),Genre,Director,Writer,Actors,Plot,Language,Country,Awards,Ratings,Metascore,imdbRating,imdbVotes,imdbID,Type,BoxOffice
12th Fail,2023,,27 Oct 2023,147,"Biography, Drama",Vidhu Vinod Chopra,"Vidhu Vinod Chopra, Jaskunwar Kohli, Anurag Pathak","Vikrant Massey, Medha Shankr, Anant Joshi",The real-life story of IPS Officer Manoj Kumar Sharma and IRS Officer Shraddha Joshi.,"Hindi, English",India,31 wins & 40 nominations total,"[{'Source': 'Internet Movie Database', 'Value': '8.7/10'}, {'Source': 'Rotten Tomatoes', 'Value': '91%'}]",,8.7,"158,786",tt23849204,movie,
3 Idiots,2009,PG-13,25 Dec 2009,170,"Comedy, Drama",Rajkumar Hirani,"Abhijat Joshi, Rajkumar Hirani, Vidhu Vinod Chopra","Aamir Khan, Madhavan, Mona Singh","Two friends are searching for their long lost companion. They revisit their college days and recall the memories of their friend who inspired them to think differently, even as the rest of the world called them ""idiots"".","Hindi, English",India,64 wins & 30 nominations total,"[{'Source': 'Internet Movie Database', 'Value': '8.4/10'}, {'Source': 'Rotten Tomatoes', 'Value': '94%'}, {'Source': 'Metacritic', 'Value': '67/100'}]",67.0,8.4,"474,710",tt1187043,movie,"$6,532,874"
Andhadhun,2018,Not Rated,05 Oct 2018,139,"Crime, Mystery, Thriller",Sriram Raghavan,"Arijit Biswas, Yogesh Chandekar, Sriram Raghavan","Ayushmann Khurrana, Tabu, Radhika Apte","A series of mysterious events change the life of a blind pianist, who must now report a crime that he should technically know nothing of.","Hindi, English",India,35 wins & 43 nominations total,"[{'Source': 'Internet Movie Database', 'Value': '8.2/10'}, {'Source': 'Rotten Tomatoes', 'Value': '100%'}]",,8.2,"112,972",tt8108198,movie,"$1,193,046"
Anand,1971,Not Rated,12 Mar 1971,122,"Drama, Musical",Hrishikesh Mukherjee,"Hrishikesh Mukherjee, Gulzar, D.N. Mukherjee","Rajesh Khanna, Amitabh Bachchan, Sumita Sanyal","The story of a terminally ill man who wishes to live life to the fullest before the inevitable occurs, as told by his best friend.",Hindi,India,9 wins & 1 nomination,"[{'Source': 'Internet Movie Database', 'Value': '8.1/10'}]",,8.1,"35,928",tt0066763,movie,
Anbe Sivam,2003,Not Rated,14 Jan 2003,160,"Adventure, Comedy, Drama",Sundar C.,"Kamal Haasan, Madan, Mohan Nair","Kamal Haasan, Madhavan, Kiran Rathod","Two men, one young and arrogant, the other damaged - physically but not spiritually - by life, are thrown together by circumstances, and find that they are in some ways bound together by fate.","Tamil, Hindi",India,2 wins & 3 nominations,"[{'Source': 'Internet Movie Database', 'Value': '8.6/10'}]",,8.6,"25,583",tt0367495,movie,
Anjaam Pathiraa,2020,Not Rated,17 Jan 2020,144,"Crime, Mystery, Thriller",Midhun Manuel Thomas,"Midhun Manuel Thomas, Rajendra Sapre","Kunchacko Boban, Jinu Joseph, Unnimaya Prasad","The police are on the trail of a serial killer, but with the victims being fellow officers, will they be able to catch the killer and solve the case in time?",Malayalam,India,2 wins & 9 nominations total,"[{'Source': 'Internet Movie Database', 'Value': '7.9/10'}]",,7.9,"9,644",tt10717738,movie,
Article 15,2019,Not Rated,28 Jun 2019,130,"Crime, Drama, Mystery",Anubhav Sinha,"Anubhav Sinha, Gaurav Solanki","Ayushmann Khurrana, Nassar, Manoj Pahwa","In the rural heartlands of India, an upright police officer sets out on a crusade against violent caste-based crimes and discrimination.",Hindi,India,22 wins & 36 nominations total,"[{'Source': 'Internet Movie Database', 'Value': '8.1/10'}, {'Source': 'Rotten Tomatoes', 'Value': '90%'}]",,8.1,"38,070",tt10324144,movie,
A Wednesday,2008,Not Rated,05 Sep 2008,104,"Action, Crime, Drama","Neeraj Pandey, Ritesh Kumar",Neeraj Pandey,"Anupam Kher, Naseeruddin Shah, Virendra Saxena",A retiring police officer reminisces about the most astounding day of his career and a case that was never filed but continues to haunt his memories: the case of a man and a Wednesday.,"Hindi, Urdu",India,11 wins & 19 nominations total,"[{'Source': 'Internet Movie Database', 'Value': '8.1/10'}]",,8.1,"84,970",tt1280558,movie,
Aaranya Kaandam,2010,Not Rated,10 Jun 2011,126,"Action, Comedy, Crime",Thiagarajan Kumararaja,Thiagarajan Kumararaja,"Sampath Raj, Jackie Shroff, Ravi Krishna",A mob boss must deal with a disgruntled mistress and a vanishing bag of cocaine.,Tamil,India,4 wins & 6 nominations,"[{'Source': 'Internet Movie Database', 'Value': '8.5/10'}]",,8.5,"5,524",tt1496729,movie,
Badhaai Ho,2018,Not Rated,19 Oct 2018,124,"Comedy, Drama",Amit Ravindernath Sharma,"Akshat Ghildial, Jyoti Kapoor, Shantanu Srivastava","Ayushmann Khurrana, Neena Gupta, Gajraj Rao",A man is embarrassed when he finds out his mother is pregnant.,Hindi,India,27 wins & 38 nominations,"[{'Source': 'Internet Movie Database', 'Value': '7.9/10'}, {'Source': 'Rotten Tomatoes', 'Value': '92%'}]",,7.9,"38,724",tt7725596,movie,
Bhaag Milkha Bhaag,2013,Not Rated,12 Jul 2013,186,"Biography, Drama, Sport",Rakeysh Omprakash Mehra,Prasoon Joshi,"Farhan Akhtar, Kousi Orfahli, Deepak Singh Rawat","The truth behind the ascension of Milkha Singh, who was scarred by of the India-Pakistan partition.",Hindi,India,55 wins & 46 nominations total,"[{'Source': 'Internet Movie Database', 'Value': '8.2/10'}, {'Source': 'Rotten Tomatoes', 'Value': '71%'}]",,8.2,"78,244",tt2356180,movie,"$1,636,731"
Black,2005,Not Rated,04 Feb 2005,122,Drama,Sanjay Leela Bhansali,"Sanjay Leela Bhansali, Bhavani Iyer, Prakash Kapadia","Amitabh Bachchan, Rani Mukerji, Shernaz Patel","Michelle, a disabled girl who can't see, hear, or speak, suffering in a world that has given up on her. But when the teacher Debraj enters her life, he becomes a ray of hope that she might pursue her passions and have a normal life.","Hindi, English",India,57 wins & 9 nominations total,"[{'Source': 'Internet Movie Database', 'Value': '8.1/10'}, {'Source': 'Rotten Tomatoes', 'Value': '71%'}]",,8.1,"37,159",tt0375611,movie,"$754,819"
Black Friday,2004,Not Rated,09 Feb 2007,143,"Action, Crime, Drama",Anurag Kashyap,"Anurag Kashyap, Hussain Zaidi, Piyush Mishra","Kay Kay Menon, Pawan Malhotra, Aditya Srivastav","A film about the investigations following the 1993 serial Bombay bomb blasts, told through the different stories of the people involved --police, conspirators, victims, middlemen.","Hindi, English",India,1 win & 7 nominations total,"[{'Source': 'Internet Movie Database', 'Value': '8.4/10'}, {'Source': 'Rotten Tomatoes', 'Value': '90%'}, {'Source': 'Metacritic', 'Value': '76/100'}]",76.0,8.4,"23,834",tt0400234,movie,"$35,000"
Bajrangi Bhaijaan,2015,Not Rated,17 Jul 2015,163,"Action, Adventure, Comedy",Kabir Khan,"Vijayendra Prasad, Kabir Khan, Parveez Shaikh","Salman Khan, Harshaali Malhotra, Nawazuddin Siddiqui",An Indian man with a magnanimous heart takes a young mute Pakistani girl back to her homeland to reunite her with her family.,"Hindi, Urdu",India,34 wins & 28 nominations total,"[{'Source': 'Internet Movie Database', 'Value': '8.1/10'}, {'Source': 'Rotten Tomatoes', 'Value': '89%'}]",,8.1,"107,672",tt3863552,movie,"$8,178,001"
Barfi!,2012,Not Rated,14 Sep 2012,151,"Comedy, Drama, Romance",Anurag Basu,"Anurag Basu, Tani Basu, Sanjeev Dutta","Ranbir Kapoor, Priyanka Chopra Jonas, Ileana D'Cruz",Three young people learn that love can neither be defined nor contained by society's definition of normal and abnormal.,Hindi,India,68 wins & 40 nominations total,"[{'Source': 'Internet Movie Database', 'Value': '8.1/10'}, {'Source': 'Rotten Tomatoes', 'Value': '81%'}]",,8.1,"91,570",tt2082197,movie,"$2,804,874"
Bhediya,2022,Not Rated,25 Nov 2022,156,"Comedy, Horror, Thriller",Amar Kaushik,Niren Bhatt,"Varun Dhawan, Kriti Sanon, Abhishek Banerjee","Set in the forests of Arunachal, Bhediya is a story of Bhaskar, a man who gets bitten by a wolf, and begins to transform into the creature. As Bhaskar and his buddies try to find answers, a bunch of twists, turns, and laughs ensue.",Hindi,India,5 wins & 34 nominations,"[{'Source': 'Internet Movie Database', 'Value': '6.7/10'}, {'Source': 'Rotten Tomatoes', 'Value': '62%'}]",,6.7,"26,585",tt14099334,movie,
Bhoothakaalam,2022,,21 Jan 2022,105,"Drama, Horror, Mystery",Rahul Sadasivan,"Rahul Sadasivan, Sreekumar Shreyas","Shane Nigam, Revathi, Saiju Kurup","Following the death of a family member, a mother and son experience mysterious events which distort their sense of reality and make them question their sanity.",Malayalam,India,2 wins & 5 nominations,"[{'Source': 'Internet Movie Database', 'Value': '7.5/10'}]",,7.5,"4,322",tt15560626,movie,
Bhool Bhulaiyaa,2007,Not Rated,12 Oct 2007,159,"Comedy, Horror, Mystery",Priyadarshan,"Neeraj Vora, Manisha Korde, Madhu Muttam","Akshay Kumar, Vidya Balan, Shiney Ahuja","An NRI and his wife decide to stay in his ancestral home, paying no heed to the warnings about ghosts. Soon, inexplicable occurrences cause him to call a psychiatrist to help solve the mystery.","Hindi, Bengali",India,1 win & 13 nominations total,"[{'Source': 'Internet Movie Database', 'Value': '7.5/10'}, {'Source': 'Rotten Tomatoes', 'Value': '33%'}]",,7.5,"37,026",tt0995031,movie,"$1,097,797"
Chak De! India,2007,Not Rated,09 Aug 2007,153,"Drama, Family, Sport",Shimit Amin,Jaideep Sahni,"Shah Rukh Khan, Vidya Malvade, Sagarika Ghatge","Kabir Khan, the coach of the Indian Women's National Hockey Team, dreams of making his all-girls team emerge victorious against all odds.","Hindi, English","India, United States, United Kingdom, Australia",32 wins & 24 nominations total,"[{'Source': 'Internet Movie Database', 'Value': '8.1/10'}, {'Source': 'Rotten Tomatoes', 'Value': '90%'}, {'Source': 'Metacritic', 'Value': '68/100'}]",68.0,8.1,"88,916",tt0871510,movie,"$1,120,404"
Chhichhore,2019,Not Rated,06 Sep 2019,143,"Comedy, Drama, Romance",Nitesh Tiwari,"Piyush Gupta, Nikhil Mehrotra, Nitesh Tiwari","Sushant Singh Rajput, Shraddha Kapoor, Varun Sharma","A tragic incident forces Anirudh, a middle-aged man, to take a trip down memory lane and reminisce his college days along with his friends, who were labelled as losers.",Hindi,India,5 wins & 21 nominations total,"[{'Source': 'Internet Movie Database', 'Value': '8.3/10'}, {'Source': 'Rotten Tomatoes', 'Value': '58%'}]",,8.3,"70,415",tt9052870,movie,"$2,004,400"
Chhota Bheem and the Curse of Damyaan,2024,,31 May 2024,145,"Action, Adventure, Comedy",Rajiv Chilaka,"Shridisha Dilip, Niraj Vikram","Yagya Bhasin, Sanjay Bishnoi, Shaji Chaudhary",Bheem and his gang travel to the past to king Damyaan and stop him from being immortal.,Hindi,India,,"[{'Source': 'Internet Movie Database', 'Value': '4.8/10'}]",,4.8,"2,306",tt29114624,movie,
Court,2014,,17 Apr 2015,116,Drama,Chaitanya Tamhane,Chaitanya Tamhane,"Vira Sathidar, Vivek Gomber, Geetanjali Kulkarni","When an aging activist is arrested, the lives of the accused, the lawyers, and the judge intertwine to reveal bigotry that underscores the judicial system.","Marathi, English, Hindi",India,21 wins & 10 nominations total,"[{'Source': 'Internet Movie Database', 'Value': '7.6/10'}, {'Source': 'Rotten Tomatoes', 'Value': '98%'}, {'Source': 'Metacritic', 'Value': '83/100'}]",83.0,7.6,"5,445",tt3717068,movie,"$22,898"
Dangal,2016,Not Rated,21 Dec 2016,161,"Action, Biography, Drama",Nitesh Tiwari,"Piyush Gupta, Shreyas Jain, Nikhil Mehrotra","Aamir Khan, Sakshi Tanwar, Fatima Sana Shaikh","Mahavir Singh Phogat, a former wrestler, decides to fulfill his dream of winning a gold medal for his country by training his daughters for the Commonwealth Games despite the existing social stigmas.","Hindi, English","India, United States",41 wins & 38 nominations total,"[{'Source': 'Internet Movie Database', 'Value': '8.3/10'}, {'Source': 'Rotten Tomatoes', 'Value': '89%'}]",,8.3,"239,462",tt5074352,movie,"$12,391,761"
Dasara,2023,Not Rated,31 Mar 2023,156,"Action, Adventure, Drama",Srikanth Odela,"Srikanth Odela, Thota Srinivas","Nani, Keerthy Suresh, Shine Tom Chacko",A brutal act sends an irresponsible small-time criminal on a mission of revenge.,Telugu,India,12 wins & 14 nominations total,"[{'Source': 'Internet Movie Database', 'Value': '6.6/10'}, {'Source': 'Rotten Tomatoes', 'Value': '83%'}]",,6.6,"11,199",tt15440322,movie,
Drishyam,2015,Not Rated,31 Jul 2015,163,"Crime, Drama, Mystery",Nishikant Kamat,"Jeethu Joseph, Upendra Sidhaye","Ajay Devgn, Shriya Saran, Tabu","Desperate measures are taken by a man who tries to save his family from the dark side of the law, after they commit an unexpected crime.","Hindi, English",India,2 wins & 8 nominations total,"[{'Source': 'Internet Movie Database', 'Value': '8.2/10'}, {'Source': 'Rotten Tomatoes', 'Value': '75%'}]",,8.2,"107,492",tt4430212,movie,
Drishyam 2,2022,Not Rated,18 Nov 2022,140,"Crime, Drama, Mystery",Abhishek Pathak,"Jeethu Joseph, Aamil Keeyan Khan, Abhishek Pathak","Ajay Devgn, Akshaye Khanna, Tabu",A gripping tale of an investigation and a family which is threatened by it. Will Vijay Salgaonkar be able to protect his family this time?,"Hindi, English",India,8 wins & 33 nominations total,"[{'Source': 'Internet Movie Database', 'Value': '8.2/10'}, {'Source': 'Rotten Tomatoes', 'Value': '70%'}]",,8.2,"50,543",tt15501640,movie,
Dhuruvangal Pathinaaru,2016,Not Rated,29 Dec 2016,105,"Crime, Drama, Mystery",Karthick Naren,Karthick Naren,"Rahman, Prakash Raghavan, Sharathkumar","A police officer retires after an accident during a case investigation. Years later, he is forced to relive the past as he narrates the story to his friend's son.",Tamil,India,1 nomination total,"[{'Source': 'Internet Movie Database', 'Value': '8.2/10'}]",,8.2,"17,452",tt6380520,movie,
Dil Chahta Hai,2001,Not Rated,10 Aug 2001,183,"Comedy, Drama, Romance",Farhan Akhtar,"Kassim Jagmagia, Farhan Akhtar, Karan Vishwanath Kashyap","Aamir Khan, Saif Ali Khan, Akshaye Khanna","Three inseparable childhood friends are just out of college. Nothing comes between them - until they each fall in love, and their wildly different approaches to relationships creates tension.","Hindi, English",India,28 wins & 40 nominations,"[{'Source': 'Internet Movie Database', 'Value': '8.1/10'}, {'Source': 'Rotten Tomatoes', 'Value': '100%'}]",,8.1,"76,921",tt0292490,movie,
Dil Se..,1998,Not Rated,21 Aug 1998,163,"Drama, Romance",Mani Ratnam,"Mani Ratnam, Sujatha, Tigmanshu Dhulia","Shah Rukh Khan, Manisha Koirala, Preity G Zinta",A radio broadcaster's intense attraction to a mysterious woman opens the door to a tidal wave of powerful emotions and desires.,Hindi,India,12 wins & 4 nominations total,"[{'Source': 'Internet Movie Database', 'Value': '7.5/10'}, {'Source': 'Rotten Tomatoes', 'Value': '60%'}]",,7.5,"32,231",tt0164538,movie,
Don,2006,Not Rated,20 Oct 2006,171,"Action, Crime, Thriller",Farhan Akhtar,"Salim Khan, Javed Akhtar, Farhan Akhtar","Shah Rukh Khan, Priyanka Chopra Jonas, Arjun Rampal","Vijay is recruited by a police officer to masquerade as his lookalike Don, the leader of an international gang of smugglers. Things go wrong when the officer is killed and Vijay is left to fend for himself.",Hindi,India,3 wins & 15 nominations total,"[{'Source': 'Internet Movie Database', 'Value': '7.2/10'}]",,7.2,"42,882",tt0461936,movie,"$2,223,961"
Dunki,2023,Not Rated,21 Dec 2023,160,"Action, Adventure, Comedy",Rajkumar Hirani,"Abhijat Joshi, Rajkumar Hirani, Kanika Dhillon","Taapsee Pannu, Ryan Cretney, Priya Sindher","When his friends in Punjab struggle to clear the immigration process, an ex-soldier guides them on a risky journey to enter the UK without permission.",Hindi,India,4 wins & 25 nominations total,"[{'Source': 'Internet Movie Database', 'Value': '6.5/10'}, {'Source': 'Rotten Tomatoes', 'Value': '48%'}]",,6.5,"81,271",tt15428134,movie,"$7,460,159"
Gangs of Wasseypur,2012,Not Rated,22 Jun 2012,321,"Action, Comedy, Crime",Anurag Kashyap,"Akhilesh Jaiswal, Anurag Kashyap, Sachin K. Ladia","Manoj Bajpayee, Nawazuddin Siddiqui, Tigmanshu Dhulia","A clash between Sultan and Shahid Khan leads to the expulsion of Khan from Wasseypur, and ignites a deadly blood feud spanning three generations.",Hindi,"India, France",18 wins & 65 nominations total,"[{'Source': 'Internet Movie Database', 'Value': '8.2/10'}, {'Source': 'Rotten Tomatoes', 'Value': '91%'}, {'Source': 'Metacritic', 'Value': '89/100'}]",89.0,8.2,"109,282",tt1954470,movie,
Gully Boy,2019,Not Rated,14 Feb 2019,154,"Drama, Music, Romance",Zoya Akhtar,"Zoya Akhtar, Reema Kagti, Vijay Maurya","Ranveer Singh, Alia Bhatt, Siddhant Chaturvedi",A coming-of-age story based on the lives of street rappers in Mumbai.,"Hindi, English",India,76 wins & 67 nominations total,"[{'Source': 'Internet Movie Database', 'Value': '7.9/10'}, {'Source': 'Rotten Tomatoes', 'Value': '96%'}, {'Source': 'Metacritic', 'Value': '65/100'}]",65.0,7.9,"45,664",tt2395469,movie,"$5,566,534"
Haider,2014,Not Rated,02 Oct 2014,160,"Action, Crime, Drama",Vishal Bhardwaj,"William Shakespeare, Basharat Peer, Vishal Bhardwaj","Shahid Kapoor, Tabu, Shraddha Kapoor","A young man returns to Kashmir after his father's disappearance to confront his uncle, whom he suspects of playing a role in his father's fate.",Hindi,India,35 wins & 47 nominations,"[{'Source': 'Internet Movie Database', 'Value': '8.0/10'}, {'Source': 'Rotten Tomatoes', 'Value': '89%'}]",,8.0,"58,694",tt3390572,movie,"$1,048,143"
Hanuman Ansh,2026,,20 Jun 2026,250,Biography,Vishal Chaturvedi,Vishal Chaturvedi,"Chandan Anand, Dubey Nikhil, Rishi Pathak","A grieving boy seeks God to meet his departed mother, and in finding the divine, learns to serve humanity with miracles of love, food and silent blessings, becoming Hanuman Ansh, Neem Karoli Baba.",Hindi,India,,[],,9.1,6.1k,tt39390582,movie,
Hera Pheri,2000,Not Rated,31 Mar 2000,156,"Action, Comedy, Crime",Priyadarshan,"Siddique, Lal, Neeraj Vora","Akshay Kumar, Suniel Shetty, Paresh Rawal","Two tenants and a landlord look for answers to all their money problems - but when their opportunity arrives, will they know what to do with it?",Hindi,India,8 wins & 6 nominations total,"[{'Source': 'Internet Movie Database', 'Value': '8.2/10'}]",,8.2,"75,076",tt0242519,movie,
Highway,2014,Not Rated,21 Feb 2014,133,"Crime, Drama, Romance",Imtiaz Ali,Imtiaz Ali,"Alia Bhatt, Randeep Hooda, Durgesh Kumar","Right before her wedding, a young woman finds herself abducted and held for ransom. As the initial days pass, she begins to develop a strange bond with her kidnapper.",Hindi,India,10 wins & 27 nominations total,"[{'Source': 'Internet Movie Database', 'Value': '7.6/10'}, {'Source': 'Rotten Tomatoes', 'Value': '88%'}, {'Source': 'Metacritic', 'Value': '40/100'}]",40.0,7.6,"31,758",tt2980794,movie,"$529,136"
Hindi Medium,2017,Not Rated,19 May 2017,132,"Comedy, Drama",Saket Chaudhary,"Sonu Sinha, Neeraj Singh, Saket Chaudhary","Irrfan Khan, Saba Qamar, Dishita Sehgal",A couple from Chandni Chowk aspire to give their daughter the best education and thus be a part of and accepted by the elite of Delhi.,Hindi,India,9 wins & 19 nominations total,"[{'Source': 'Internet Movie Database', 'Value': '7.8/10'}, {'Source': 'Rotten Tomatoes', 'Value': '83%'}]",,7.8,"33,005",tt5764096,movie,
I Saw the Devil,2010,Not Rated,12 Aug 2010,144,"Action, Thriller",Kim Jee-woon,"Park Hoon-jung, Kim Jee-woon","Lee Byung-hun, Choi Min-sik, Jeon Gook-hwan",A secret agent exacts revenge on a serial killer through a series of captures and releases.,Korean,South Korea,17 wins & 21 nominations total,"[{'Source': 'Internet Movie Database', 'Value': '7.8/10'}, {'Source': 'Rotten Tomatoes', 'Value': '83%'}, {'Source': 'Metacritic', 'Value': '67/100'}]",67.0,7.8,"163,662",tt1588170,movie,"$129,210"
Jigarthanda,2014,Not Rated,01 Aug 2014,171,"Comedy, Crime, Drama",Karthik Subbaraj,Karthik Subbaraj,"Siddharth, Bobby Simha, Lakshmi Menon","An aspiring director targets a ruthless gangster because he wants to make a violent gangster film. His discreet attempts to research the gangster fail miserably. Finally when he gets caught snooping, things hit the fan.",Tamil,India,7 wins & 6 nominations,"[{'Source': 'Internet Movie Database', 'Value': '8.2/10'}]",,8.2,"13,734",tt3569782,movie,
Joram,2023,,08 Dec 2023,119,"Action, Adventure, Crime",Devashish Makhija,Devashish Makhija,"Manoj Bajpayee, Amrendra Sharma, Sunil Jadhav",A father is on the run with his little baby girl to escape the ghosts of his past and the forces that want him dead.,"Hindi, English",India,9 wins & 33 nominations,"[{'Source': 'Internet Movie Database', 'Value': '6.6/10'}, {'Source': 'Rotten Tomatoes', 'Value': '95%'}]",,6.6,"2,623",tt23864864,movie,
Joji,2021,,07 Apr 2021,113,"Crime, Drama",Dileesh Pothan,Syam Pushkaran,"Basil Joseph, Fahadh Faasil, Dileesh Pothan","Joji, an engineering dropout and the youngest son of a rich family lives with his aspirations of becoming super wealthy. Driven by greed and blind ambition, he decides to execute his plans following an unexpected event in the family.",Malayalam,India,7 wins & 8 nominations total,"[{'Source': 'Internet Movie Database', 'Value': '7.8/10'}]",,7.8,"11,968",tt13206926,movie,
Jallikattu,2019,Not Rated,04 Oct 2019,95,"Action, Crime, Thriller",Lijo Jose Pellissery,"Hareesh S., R. Jayakumar","Antony Varghese, Chemban Vinod Jose, Sabumon Abdusamad",A portrait of a remote village where a buffalo escapes and causes a frenzy of ecstatic violence.,Malayalam,India,7 wins & 12 nominations,"[{'Source': 'Internet Movie Database', 'Value': '7.3/10'}, {'Source': 'Rotten Tomatoes', 'Value': '96%'}]",,7.3,"9,181",tt8721556,movie,
Jersey,2019,Not Rated,19 Apr 2019,157,"Drama, Sport",Gowtam Tinnanuri,Gowtam Tinnanuri,"Nani, Shraddha Srinath, Sathyaraj",A failed cricketer decides to revive his cricketing career in his late 30's despite everyone being skeptical of his ability to do so.,Telugu,India,9 wins & 7 nominations total,"[{'Source': 'Internet Movie Database', 'Value': '8.5/10'}, {'Source': 'Rotten Tomatoes', 'Value': '71%'}]",,8.5,"24,116",tt8948790,movie,
Kahaani,2012,Not Rated,09 Mar 2012,122,"Mystery, Thriller",Sujoy Ghosh,"Sujoy Ghosh, Advaita Kala, Suresh Nair","Vidya Balan, Parambrata Chattopadhyay, Indraneil Sengupta","A pregnant woman's search for her missing husband takes her from London to Kolkata, but everyone she questions denies having ever met him.",Hindi,India,27 wins & 29 nominations total,"[{'Source': 'Internet Movie Database', 'Value': '8.1/10'}, {'Source': 'Rotten Tomatoes', 'Value': '100%'}]",,8.1,"67,697",tt1821480,movie,
Kaithi,2019,Not Rated,24 Oct 2019,145,"Action, Crime, Drama",Lokesh Kanagaraj,"Lokesh Kanagaraj, Pon Parthiban, Sanjeev Tiwari","Karthi, Narain, Arjun Das","Dilli, an ex-convict, endeavours to meet his daughter for the first time after leaving prison. However, his attempts are interrupted due to a drug raid planned by Inspector Bejoy.",Tamil,India,15 wins & 8 nominations,"[{'Source': 'Internet Movie Database', 'Value': '8.4/10'}, {'Source': 'Rotten Tomatoes', 'Value': '100%'}]",,8.4,"44,828",tt9900782,movie,
Kantara,2022,Not Rated,30 Sep 2022,148,"Action, Adventure, Drama",Rishab Shetty,"Manish Bhawan, Shanil Guru, Anirudh Mahesh","Rishab Shetty, Kishore Kumar G., Achyuth Kumar","When greed paves the way for betrayal, scheming and murder, a young tribal reluctantly dons the traditions of his ancestors to seek justice.",Kannada,India,21 wins & 14 nominations total,"[{'Source': 'Internet Movie Database', 'Value': '8.1/10'}, {'Source': 'Rotten Tomatoes', 'Value': '83%'}]",,8.1,"115,613",tt15327088,movie,
Karthik Calling Karthik,2010,Not Rated,26 Feb 2010,135,"Drama, Mystery, Romance",Vijay Lalwani,Vijay Lalwani,"Farhan Akhtar, Deepika Padukone, Ram Kapoor","A much abused loner achieves success, and even wins the heart of his gorgeous co-worker, after getting early morning mysterious phone calls from someone.","Hindi, Urdu",India,8 nominations total,"[{'Source': 'Internet Movie Database', 'Value': '7.1/10'}, {'Source': 'Rotten Tomatoes', 'Value': '80%'}]",,7.1,"14,429",tt1373156,movie,"$286,409"
Kumbalangi Nights,2019,Not Rated,21 Feb 2019,135,"Comedy, Drama, Romance",Madhu C. Narayanan,Syam Pushkaran,"Shane Nigam, Soubin Shahir, Fahadh Faasil","The film revolves around four brothers who share a love-hate relationship with each other. Their relationship progresses to another level when Saji, Boney, and Franky decide to help Bobby stand by his love.",Malayalam,India,13 wins & 11 nominations total,"[{'Source': 'Internet Movie Database', 'Value': '8.5/10'}]",,8.5,"19,661",tt8413338,movie,
Lagaan: Once Upon a Time in India,2001,PG,15 Jun 2001,224,"Drama, Musical, Sport",Ashutosh Gowariker,"Ashutosh Gowariker, Kumar Dave, Sanjay Dayma","Aamir Khan, Raghubir Yadav, Gracy Singh",The people of a small village in Victorian India stake their future on a game of cricket against their ruthless British rulers.,"Hindi, English","India, United States",Nominated for 1 Oscar. 54 wins & 22 nominations total,"[{'Source': 'Internet Movie Database', 'Value': '8.1/10'}, {'Source': 'Rotten Tomatoes', 'Value': '95%'}, {'Source': 'Metacritic', 'Value': '84/100'}]",84.0,8.1,"126,682",tt0169102,movie,"$909,043"
Maqbool,2003,Not Rated,30 Jan 2004,132,"Crime, Drama, Thriller",Vishal Bhardwaj,"Abbas Tyrewala, Vishal Bhardwaj, William Shakespeare","Irrfan Khan, Tabu, Pankaj Kapur",The intrigue of the Shakespearean tragedy 'Macbeth' is transposed to the Mumbai underworld.,"Hindi, Urdu",India,10 wins & 19 nominations total,"[{'Source': 'Internet Movie Database', 'Value': '8.0/10'}, {'Source': 'Rotten Tomatoes', 'Value': '100%'}]",,8.0,"12,817",tt0379370,movie,
Masaan,2015,,24 Jun 2015,109,Drama,Neeraj Ghaywan,"Akbar Allahabadi, Bashir Badr, Brij Narayan Chakbast","Richa Chadha, Sanjay Mishra, Vicky Kaushal","Along India's Ganges River, four people face prejudice, a strict moral code and a punishing caste system as they confront personal tragedies.",Hindi,"India, France",26 wins & 29 nominations total,"[{'Source': 'Internet Movie Database', 'Value': '8.1/10'}, {'Source': 'Rotten Tomatoes', 'Value': '94%'}]",,8.1,"33,148",tt4635372,movie,
Meiyazhagan,2024,,27 Sep 2024,177,"Drama, Family",C. Prem Kumar,C. Prem Kumar,"Karthi, Devadarshini Chetan, Arvind Swamy",A man's life is changed when he bumps into someone from his hometown in this moving Tamil-language drama; gentle scenes are occasionally punctuated by sporting threat and recollections of violence.,Tamil,India,4 nominations total,"[{'Source': 'Internet Movie Database', 'Value': '8.4/10'}]",,8.4,"17,177",tt26758372,movie,
Minnal Murali,2021,TV-14,24 Dec 2021,158,"Action, Comedy, Drama",Basil Joseph,"Arun Anirudhan, Justin Mathew","Tovino Thomas, Guru Somasundaram, Aju Varghese","A tailor gains special powers after being struck by lightning, but must take down an unexpected foe if he is to become the superhero his hometown needs.",Malayalam,India,12 wins & 15 nominations total,"[{'Source': 'Internet Movie Database', 'Value': '7.8/10'}, {'Source': 'Rotten Tomatoes', 'Value': '75%'}]",,7.8,"33,252",tt7268738,movie,
Mimi,2021,TV-14,26 Jul 2021,132,"Comedy, Drama","Rajesh Bhatia, Laxman Utekar","Laxman Utekar, Rohan Shankar, Samruoddhi Porey","Kriti Sanon, Evelyn Edwards, Pankaj Tripathi",Mimi is introduced by Bhanu to an American couple as a surrogate in exchange for Rs 2 million. She decides to have the baby even when they change their mind and tells her parent that Bhanu is the father.,Hindi,India,27 wins & 23 nominations total,"[{'Source': 'Internet Movie Database', 'Value': '7.8/10'}, {'Source': 'Rotten Tomatoes', 'Value': '25%'}]",,7.8,"44,290",tt10895576,movie,
"Monica, O My Darling",2022,TV-MA,11 Nov 2022,129,"Comedy, Crime, Drama",Vasan Bala,"Vasan Bala, Yogesh Chandekar, Keigo Higashino","Rajkummar Rao, Huma Qureshi, Sikandar Kher","A slick robotics expert joins a murderous plot after a passionate affair takes a sudden turn, but nothing not even death , is what it seems to be.",Hindi,India,20 wins & 60 nominations total,"[{'Source': 'Internet Movie Database', 'Value': '7.4/10'}, {'Source': 'Rotten Tomatoes', 'Value': '81%'}]",,7.4,"22,550",tt15128068,movie,
Mughal-E-Azam,1960,Not Rated,05 Aug 1960,197,"Drama, Romance, War",K. Asif,"K. Asif, Aman, Kamal Amrohi","Prithviraj Kapoor, Madhubala, Dilip Kumar",A 16th century prince falls in love with a court dancer and battles with his emperor father.,"Hindi, Urdu",India,3 wins & 3 nominations,"[{'Source': 'Internet Movie Database', 'Value': '8.1/10'}, {'Source': 'Rotten Tomatoes', 'Value': '93%'}]",,8.1,"9,053",tt0054098,movie,"$161,434"
Nayakan,1987,Not Rated,21 Oct 1987,145,"Crime, Drama",Mani Ratnam,"Balakumaran, Rajasri, Mani Ratnam","Kamal Haasan, Saranya Ponvannan, Delhi Ganesh","A common man's struggles against a corrupt police force put him on the wrong side of the law. He becomes a don, who is loved and respected by many, but his growing power and influence exact a heavy toll.",Tamil,India,7 wins & 1 nomination total,"[{'Source': 'Internet Movie Database', 'Value': '8.6/10'}]",,8.6,"27,667",tt0093603,movie,
Newton,2017,Not Rated,22 Sep 2017,106,"Comedy, Drama",Amit Masurkar,"Amit Masurkar, Mayank Tewari","Rajkummar Rao, Pankaj Tripathi, Anjali Patil",A government clerk on election duty in the conflict ridden jungle of Central India tries his best to conduct free and fair voting despite the apathy of security forces and the looming fear of guerrilla attacks by communist rebels.,Hindi,India,19 wins & 38 nominations,"[{'Source': 'Internet Movie Database', 'Value': '7.6/10'}, {'Source': 'Rotten Tomatoes', 'Value': '94%'}]",,7.6,"21,546",tt6484982,movie,
Omkara,2006,Not Rated,28 Jul 2006,155,"Action, Crime, Drama",Vishal Bhardwaj,"Vishal Bhardwaj, Robin Bhatt, Abhishek Chaubey","Ajay Devgn, Kareena Kapoor, Saif Ali Khan",A politically-minded enforcer's misguided trust in his lieutenant leads him to suspect his wife of infidelity in this adaptation of Shakespeare's 'Othello'.,Hindi,India,31 wins & 37 nominations total,"[{'Source': 'Internet Movie Database', 'Value': '8.0/10'}]",,8.0,"23,529",tt0488414,movie,"$1,244,576"
Oppenheimer,2023,R,21 Jul 2023,180,"Biography, Drama, History",Christopher Nolan,"Christopher Nolan, Kai Bird, Martin Sherwin","Cillian Murphy, Emily Blunt, Matt Damon","A dramatization of the life story of J. Robert Oppenheimer, the physicist who had a large hand in the development of the atomic bombs that brought an end to World War II.","English, German, Italian, Dutch","United States, United Kingdom",Won 7 Oscars. 370 wins & 378 nominations total,"[{'Source': 'Internet Movie Database', 'Value': '8.2/10'}, {'Source': 'Rotten Tomatoes', 'Value': '93%'}, {'Source': 'Metacritic', 'Value': '90/100'}]",90.0,8.2,"1,024,033",tt15398776,movie,"$330,078,895"
Paan Singh Tomar,2012,Not Rated,02 Mar 2012,135,"Action, Biography, Crime",Tigmanshu Dhulia,"Sanjay Chauhan, Tigmanshu Dhulia","Irrfan Khan, Mahie Gill, Rajesh Abhay","The story of Paan Singh Tomar, an Indian athlete and seven-time national steeplechase champion who becomes one of the most feared dacoits in Chambal Valley after his retirement.",Hindi,India,12 wins & 17 nominations total,"[{'Source': 'Internet Movie Database', 'Value': '8.2/10'}]",,8.2,"38,555",tt1620933,movie,"$40,311"
Pariyerum Perumal,2018,Not Rated,28 Sep 2018,154,Drama,Mari Selvaraj,Mari Selvaraj,"Kathir, Anandhi, Yogi Babu","A law student from a lower caste begins a friendship with his classmate, a girl who belongs to a higher caste, and the men in her family start giving him trouble over this.",Tamil,India,11 wins & 5 nominations,"[{'Source': 'Internet Movie Database', 'Value': '8.7/10'}]",,8.7,"19,122",tt8176054,movie,
Pather Panchali,1955,Not Rated,26 Aug 1955,125,Drama,Satyajit Ray,"Bibhutibhushan Bandyopadhyay, Satyajit Ray","Kanu Bannerjee, Karuna Bannerjee, Subir Banerjee","Impoverished priest Harihar Ray, dreaming of a better life for himself and his family, leaves his rural Bengal village in search of work.",Bengali,India,Nominated for 1 BAFTA Award11 wins & 3 nominations total,"[{'Source': 'Internet Movie Database', 'Value': '8.2/10'}, {'Source': 'Rotten Tomatoes', 'Value': '98%'}]",,8.2,"40,167",tt0048473,movie,"$134,241"
Piku,2015,Not Rated,08 May 2015,123,"Comedy, Drama",Shoojit Sircar,Juhi Chaturvedi,"Deepika Padukone, Amitabh Bachchan, Irrfan Khan","A quirky comedy about the relationship between a daughter and her aging father, whose eccentricities drive everyone crazy.",Hindi,India,40 wins & 34 nominations,"[{'Source': 'Internet Movie Database', 'Value': '7.6/10'}, {'Source': 'Rotten Tomatoes', 'Value': '90%'}]",,7.6,"34,859",tt3767372,movie,"$1,801,807"
Pink,2016,Not Rated,16 Sep 2016,136,"Crime, Drama, Thriller",Aniruddha Roy Chowdhury,"Shoojit Sircar, Aniruddha Roy Chowdhury, Ritesh Shah","Amitabh Bachchan, Taapsee Pannu, Kirti Kulhari","When three young women are implicated in a crime, a retired lawyer steps forward to help them clear their names.",Hindi,India,21 wins & 39 nominations total,"[{'Source': 'Internet Movie Database', 'Value': '8.0/10'}, {'Source': 'Rotten Tomatoes', 'Value': '100%'}]",,8.0,"49,994",tt5571734,movie,
PK,2014,Not Rated,19 Dec 2014,153,"Comedy, Drama, Musical",Rajkumar Hirani,"Rajkumar Hirani, Abhijat Joshi","Aamir Khan, Anushka Sharma, Sanjay Dutt",An alien on Earth loses the only device he can use to communicate with his spaceship. His innocent nature and child-like questions force the country to evaluate the impact of religious views on people.,Hindi,India,22 wins & 26 nominations total,"[{'Source': 'Internet Movie Database', 'Value': '8.1/10'}, {'Source': 'Rotten Tomatoes', 'Value': '81%'}]",,8.1,"219,596",tt2338151,movie,"$10,616,104"
Premam,2015,,12 Jun 2015,156,"Comedy, Drama, Romance",Alphonse Puthren,Alphonse Puthren,"Nivin Pauly, Sai Pallavi, Madonna Sebastian",A young man has three opportunities to find love. Will the third time be the charm?,Malayalam,India,25 wins & 5 nominations,"[{'Source': 'Internet Movie Database', 'Value': '8.3/10'}]",,8.3,"24,675",tt4679210,movie,"$178,000"
Pushpa: The Rise - Part 1,2021,Not Rated,17 Dec 2021,179,"Action, Crime, Drama",Sukumar,"Sukumar, Srikanth Vissa, Hussain Sha Kiran","Allu Arjun, Fahadh Faasil, Rashmika Mandanna","A labourer rises through the ranks of a red sandalwood smuggling syndicate, making some powerful enemies in the process.",Telugu,India,25 wins & 13 nominations total,"[{'Source': 'Internet Movie Database', 'Value': '7.6/10'}]",,7.6,"97,231",tt9389998,movie,"$1,320,000"
RRR,2022,TV-MA,25 Mar 2022,187,"Action, Adventure, Drama",S.S. Rajamouli,"Vijayendra Prasad, S.S. Rajamouli, Sai Madhav Burra","N.T. Rama Rao Jr., Ram Charan, Ajay Devgn",A fearless warrior on a perilous mission comes face to face with a steely cop serving British forces in this epic saga set in pre-independent India.,Telugu,India,Won 1 Oscar. 93 wins & 152 nominations total,"[{'Source': 'Internet Movie Database', 'Value': '7.8/10'}, {'Source': 'Rotten Tomatoes', 'Value': '96%'}, {'Source': 'Metacritic', 'Value': '83/100'}]",83.0,7.8,"201,689",tt8178634,movie,"$15,156,051"
Rang De Basanti,2006,Not Rated,26 Jan 2006,167,"Comedy, Crime, Drama",Rakeysh Omprakash Mehra,"Renzil D'Silva, Prasoon Joshi, Rakeysh Omprakash Mehra","Aamir Khan, Soha Ali Khan, Siddharth","The story of six young Indians who assist an English woman to film a documentary on the freedom fighters from their past, and the events that lead them to relive the long-forgotten saga of freedom.",Hindi,India,Nominated for 1 BAFTA Award49 wins & 53 nominations total,"[{'Source': 'Internet Movie Database', 'Value': '8.1/10'}]",,8.1,"123,635",tt0405508,movie,"$2,197,694"
Rockstar,2011,Not Rated,11 Nov 2011,159,"Drama, Music, Romance",Imtiaz Ali,"Imtiaz Ali, Muazzam Beg","Ranbir Kapoor, Nargis Fakhri, Shammi Kapoor","Janardhan Jakhar chases his dreams of becoming a big Rock star, during which he falls in love with Heer.",Hindi,India,40 wins & 39 nominations total,"[{'Source': 'Internet Movie Database', 'Value': '7.8/10'}, {'Source': 'Rotten Tomatoes', 'Value': '83%'}]",,7.8,"53,746",tt1839596,movie,"$986,697"
Sardar Udham,2021,TV-MA,16 Oct 2021,164,"Crime, Drama, History",Shoojit Sircar,"Shubhendu Bhattacharya, Ritesh Shah","Vicky Kaushal, Shaun Scott, Stephen Hogan","A biopic detailing the 2 decades that Punjabi Sikh revolutionary, Udham Singh, spent planning the assassination of the man responsible for the Jallianwala Bagh massacre.",Hindi,India,32 wins & 31 nominations total,"[{'Source': 'Internet Movie Database', 'Value': '8.3/10'}, {'Source': 'Rotten Tomatoes', 'Value': '95%'}]",,8.3,"49,981",tt10280296,movie,
Shershaah,2021,TV-14,12 Aug 2021,135,"Action, Biography, Drama",Vishnuvardhan,Sandeep Shrivastava,"Sidharth Malhotra, Kiara Advani, Shiv Panditt","Shershaah is the story of PVC awardee Indian soldier Capt. Vikram Batra, whose bravery and unflinching courage in chasing the Pakistani soldiers out of Indian territory contributed immensely in India finally winning the Kargil War...",Hindi,India,52 wins & 50 nominations total,"[{'Source': 'Internet Movie Database', 'Value': '8.3/10'}, {'Source': 'Rotten Tomatoes', 'Value': '54%'}]",,8.3,"134,790",tt10295212,movie,
Sholay,1975,Not Rated,15 Aug 1975,162,"Action, Adventure, Comedy",Ramesh Sippy,"Javed Akhtar, Salim Khan","Sanjeev Kumar, Dharmendra, Amitabh Bachchan","After his family is murdered by a notorious and ruthless bandit, a former police officer enlists the services of two outlaws to capture the bandit.",Hindi,India,5 wins & 5 nominations total,"[{'Source': 'Internet Movie Database', 'Value': '8.1/10'}, {'Source': 'Rotten Tomatoes', 'Value': '95%'}]",,8.1,"62,815",tt0073707,movie,
Ship of Theseus,2012,Not Rated,19 Jul 2013,140,Drama,Anand Gandhi,"Anand Gandhi, Khushboo Ranka, Pankaj Kumar","Aydah El-Kashef, Yogesh Shah, Faraz Khan","The film explores questions of identity, justice, beauty, meaning and death through an experimental photographer, an ailing monk and a young stockbroker.","English, Arabic, Swedish, Hindi","India, Netherlands",12 wins & 13 nominations total,"[{'Source': 'Internet Movie Database', 'Value': '8.0/10'}, {'Source': 'Rotten Tomatoes', 'Value': '95%'}]",,8.0,"8,026",tt1773764,movie,
Sita Ramam,2022,,05 Aug 2022,163,"Action, Drama, Musical",Hanu Raghavapudi,"Hanu Raghavapudi, Jay Krishna, Raj Kumar Kandamudi","Dulquer Salmaan, Mrunal Thakur, Rashmika Mandanna","A soldier receives a life-changing letter from a woman named Sita, leading to a beautiful romance. Their love story takes an unexpected turn when he returns to his military post in Kashmir and faces imprisonment.",Telugu,India,12 wins & 24 nominations total,"[{'Source': 'Internet Movie Database', 'Value': '8.5/10'}, {'Source': 'Rotten Tomatoes', 'Value': '86%'}]",,8.5,"81,984",tt20850406,movie,
Sonchiriya,2019,Not Rated,01 Mar 2019,143,"Action, Crime, Drama",Abhishek Chaubey,"Sudip Sharma, Abhishek Chaubey","Sushant Singh Rajput, Bhumi Pednekar, Ashutosh Rana","Set in the Chambal valley, the film follows the story of a legion of dreaded, warring dacoits who once terrorized the Indian heartlands.",Hindi,India,6 wins & 30 nominations,"[{'Source': 'Internet Movie Database', 'Value': '7.9/10'}, {'Source': 'Rotten Tomatoes', 'Value': '82%'}]",,7.9,"13,166",tt8108200,movie,"$86,765"
Stree,2018,Not Rated,31 Aug 2018,128,"Comedy, Horror",Amar Kaushik,"Raj Nidimoru, Krishna D.K., Sumit Arora","Rajkummar Rao, Shraddha Kapoor, Pankaj Tripathi","In the small town of Chanderi, the menfolk live in fear of an evil spirit named ""Stree"" who abducts men in the night. Based on the urban legend of ""Nale Ba"" that went viral in Karnataka in the 1990s.",Hindi,India,12 wins & 31 nominations,"[{'Source': 'Internet Movie Database', 'Value': '7.5/10'}, {'Source': 'Rotten Tomatoes', 'Value': '75%'}]",,7.5,"43,429",tt8108202,movie,
Super Deluxe,2019,Not Rated,28 Mar 2019,176,"Comedy, Crime, Drama",Thiagarajan Kumararaja,"Thiagarajan Kumararaja, Nalan Kumarasamy, Mysskin","Vijay Sethupathi, Fahadh Faasil, Samantha Ruth Prabhu","An unfaithful newly-wed wife, an estranged father, a priest and an angry son suddenly find themselves in the most unexpected predicaments, each poised to experience their destiny, all on one fateful day.",Tamil,India,15 wins & 11 nominations total,"[{'Source': 'Internet Movie Database', 'Value': '8.2/10'}, {'Source': 'Rotten Tomatoes', 'Value': '83%'}]",,8.2,"19,290",tt7019942,movie,
Swades,2004,Not Rated,17 Dec 2004,189,"Drama, Musical",Ashutosh Gowariker,"M.G. Sathya, Ashutosh Gowariker, Sameer Sharma","Shah Rukh Khan, Gayatri Joshi, Kishori Ballal",A successful Indian scientist returns to an Indian village to take his nanny to America with him and in the process rediscovers his roots.,"Hindi, English","India, United States",18 wins & 26 nominations total,"[{'Source': 'Internet Movie Database', 'Value': '8.2/10'}, {'Source': 'Rotten Tomatoes', 'Value': '90%'}]",,8.2,"100,779",tt0367110,movie,"$1,223,240"
Tamasha,2015,Not Rated,27 Nov 2015,139,"Comedy, Drama, Romance",Imtiaz Ali,Imtiaz Ali,"Deepika Padukone, Ranbir Kapoor, Naila Grrewal","A boy meets a girl, in Corsica. They decide not to reveal their real name or personality.",Hindi,India,12 wins & 29 nominations,"[{'Source': 'Internet Movie Database', 'Value': '7.4/10'}, {'Source': 'Rotten Tomatoes', 'Value': '65%'}]",,7.4,"33,263",tt3148502,movie,"$2,065,487"
Tumbbad,2018,Not Rated,12 Oct 2018,108,"Drama, Fantasy, Horror","Rahi Anil Barve, Anand Gandhi, Adesh Prasad","Mitesh Shah, Adesh Prasad, Rahi Anil Barve","Sohum Shah, Jyoti Malshe, Anita Date-Kelkar",A mythological story about a goddess who created the entire universe. The plot revolves around the consequences when humans build a temple for her first-born.,"Hindi, Marathi","India, Sweden",17 wins & 26 nominations total,"[{'Source': 'Internet Movie Database', 'Value': '8.2/10'}, {'Source': 'Rotten Tomatoes', 'Value': '87%'}]",,8.2,"70,254",tt8239946,movie,
The Lunchbox,2013,PG,20 Sep 2013,104,"Drama, Romance",Ritesh Batra,"Ritesh Batra, Vasan Bala","Irrfan Khan, Nimrat Kaur, Nawazuddin Siddiqui",A mistaken delivery in Mumbai's famously efficient lunchbox delivery system connects a young housewife to an older man in the dusk of his life as they build a fantasy world together through notes in the lunchbox.,Hindi,"India, France, Germany, United States, Canada",Nominated for 1 BAFTA Award30 wins & 46 nominations total,"[{'Source': 'Internet Movie Database', 'Value': '7.8/10'}, {'Source': 'Rotten Tomatoes', 'Value': '97%'}, {'Source': 'Metacritic', 'Value': '76/100'}]",76.0,7.8,"67,224",tt2350496,movie,"$4,235,151"
The Great Indian Kitchen,2021,,15 Jan 2021,100,"Comedy, Drama",Jeo Baby,Jeo Baby,"Nimisha Sajayan, Suraj Venjaramoodu, Ajitha V.M.","After marriage, a woman struggles to be the submissive wife that her husband and his family expect her to be. The story follows her journey, as she changes herself and, even more so, changes the household.",Malayalam,India,9 wins & 10 nominations,"[{'Source': 'Internet Movie Database', 'Value': '8.1/10'}, {'Source': 'Rotten Tomatoes', 'Value': '100%'}]",,8.1,"10,146",tt13299890,movie,
Udaan,2010,Not Rated,16 Jul 2010,134,Drama,Vikramaditya Motwane,"Vikramaditya Motwane, Anurag Kashyap, Devanshu Singh","Rajat Barmecha, Ronit Roy, Manjot Singh","Expelled from his school, a 16-year old boy returns home to his abusive and oppressive father.",Hindi,India,23 wins & 22 nominations total,"[{'Source': 'Internet Movie Database', 'Value': '8.1/10'}]",,8.1,"48,822",tt1639426,movie,"$7,461"
Vada Chennai,2018,Not Rated,17 Oct 2018,164,"Action, Crime, Drama",Vetrimaaran,"Gautam Siddhartha, Vetrimaaran","Dhanush, Ameer Sultan, Radha Ravi",A young carrom player in north Chennai becomes a reluctant participant in a war between two warring gangsters.,Tamil,India,9 wins & 8 nominations total,"[{'Source': 'Internet Movie Database', 'Value': '8.4/10'}]",,8.4,"21,906",tt5959980,movie,
Vikram,2022,Not Rated,03 Jun 2022,175,"Action, Crime, Thriller",Lokesh Kanagaraj,"Lokesh Kanagaraj, Rathna Kumar","Kamal Haasan, Vijay Sethupathi, Fahadh Faasil","A special investigator discovers a case of serial killings is not what it seems to be, and leading down this path is only going to end in a war between everyone involved.",Tamil,India,6 wins & 11 nominations total,"[{'Source': 'Internet Movie Database', 'Value': '8.3/10'}, {'Source': 'Rotten Tomatoes', 'Value': '59%'}]",,8.3,"84,609",tt9179430,movie,"$1,770,000"
Zindagi Na Milegi Dobara,2011,Not Rated,15 Jul 2011,155,"Comedy, Drama, Musical",Zoya Akhtar,"Farhan Akhtar, Reema Kagti, Zoya Akhtar","Hrithik Roshan, Farhan Akhtar, Abhay Deol",Three friends decide to turn their fantasy vacation into reality after one of their friends gets engaged.,Hindi,India,35 wins & 38 nominations total,"[{'Source': 'Internet Movie Database', 'Value': '8.2/10'}, {'Source': 'Rotten Tomatoes', 'Value': '89%'}]",,8.2,"93,287",tt1562872,movie,"$3,108,485"
The Shawshank Redemption,1994,R,14 Oct 1994,142,Drama,Frank Darabont,"Stephen King, Frank Darabont","Tim Robbins, Morgan Freeman, Bob Gunton","After a banker is sentenced to life in Shawshank Prison, he forms an unlikely friendship with a seasoned inmate and clings to hope amid cruelty and corruption.",English,United States,Nominated for 7 Oscars. 21 wins & 43 nominations total,"[{'Source': 'Internet Movie Database', 'Value': '9.3/10'}, {'Source': 'Rotten Tomatoes', 'Value': '89%'}, {'Source': 'Metacritic', 'Value': '82/100'}]",82.0,9.3,"3,221,305",tt0111161,movie,"$28,767,189"
The Godfather,1972,R,24 Mar 1972,175,"Crime, Drama",Francis Ford Coppola,"Mario Puzo, Francis Ford Coppola","Marlon Brando, Al Pacino, James Caan",The aging patriarch of an organized crime dynasty transfers control of his clandestine empire to his reluctant son.,"English, Italian, Latin",United States,Won 3 Oscars. 31 wins & 31 nominations total,"[{'Source': 'Internet Movie Database', 'Value': '9.2/10'}, {'Source': 'Rotten Tomatoes', 'Value': '97%'}, {'Source': 'Metacritic', 'Value': '100/100'}]",100.0,9.2,"2,222,804",tt0068646,movie,"$136,381,073"
The Godfather Part II,1974,R,18 Dec 1974,202,"Crime, Drama",Francis Ford Coppola,"Francis Ford Coppola, Mario Puzo","Al Pacino, Robert De Niro, Robert Duvall","The early life and career of Vito Corleone in 1920s New York City is portrayed, while his son, Michael, expands and tightens his grip on the family crime syndicate.","English, Italian, Spanish, Latin, Sicilian",United States,Won 6 Oscars. 17 wins & 21 nominations total,"[{'Source': 'Internet Movie Database', 'Value': '9.0/10'}, {'Source': 'Rotten Tomatoes', 'Value': '96%'}, {'Source': 'Metacritic', 'Value': '90/100'}]",90.0,9.0,"1,492,120",tt0071562,movie,"$47,834,595"
The Dark Knight,2008,PG-13,18 Jul 2008,152,"Action, Crime, Drama",Christopher Nolan,"Jonathan Nolan, Christopher Nolan, David S. Goyer","Christian Bale, Heath Ledger, Aaron Eckhart","When a menace known as the Joker wreaks havoc and chaos on the people of Gotham, Batman, James Gordon and Harvey Dent must work together to put an end to the madness.","English, Mandarin","United States, United Kingdom",Won 2 Oscars. 163 wins & 165 nominations total,"[{'Source': 'Internet Movie Database', 'Value': '9.1/10'}, {'Source': 'Rotten Tomatoes', 'Value': '94%'}, {'Source': 'Metacritic', 'Value': '85/100'}]",85.0,9.1,"3,161,907",tt0468569,movie,"$534,987,076"
Pulp Fiction,1994,R,14 Oct 1994,154,"Crime, Drama",Quentin Tarantino,"Quentin Tarantino, Roger Avary","John Travolta, Uma Thurman, Samuel L. Jackson","The lives of two mob hitmen, a boxer, a gangster and his wife, and a pair of diner bandits intertwine in four tales of violence and redemption.","English, Spanish, French",United States,Won 1 Oscar. 69 wins & 72 nominations total,"[{'Source': 'Internet Movie Database', 'Value': '8.8/10'}, {'Source': 'Rotten Tomatoes', 'Value': '92%'}, {'Source': 'Metacritic', 'Value': '95/100'}]",95.0,8.8,"2,431,656",tt0110912,movie,"$107,928,762"
Fight Club,1999,R,15 Oct 1999,139,"Crime, Drama, Thriller",David Fincher,"Chuck Palahniuk, Jim Uhls","Brad Pitt, Edward Norton, Meat Loaf",An insomniac office worker and a devil-may-care soap maker form an underground fight club that evolves into much more.,English,"United States, Germany",Nominated for 1 Oscar. 12 wins & 38 nominations total,"[{'Source': 'Internet Movie Database', 'Value': '8.8/10'}, {'Source': 'Rotten Tomatoes', 'Value': '81%'}, {'Source': 'Metacritic', 'Value': '67/100'}]",67.0,8.8,"2,601,857",tt0137523,movie,"$37,834,891"
Forrest Gump,1994,PG-13,06 Jul 1994,142,"Drama, Romance",Robert Zemeckis,"Winston Groom, Eric Roth","Tom Hanks, Robin Wright, Gary Sinise","The history of the United States from the 1950s to the '70s unfolds from the perspective of an Alabama man with an IQ of 75, who yearns to be reunited with his childhood sweetheart.",English,United States,Won 6 Oscars. 51 wins & 74 nominations total,"[{'Source': 'Internet Movie Database', 'Value': '8.8/10'}, {'Source': 'Rotten Tomatoes', 'Value': '75%'}, {'Source': 'Metacritic', 'Value': '82/100'}]",82.0,8.8,"2,493,306",tt0109830,movie,"$330,455,270"
Inception,2010,PG-13,16 Jul 2010,148,"Action, Adventure, Sci-Fi",Christopher Nolan,Christopher Nolan,"Leonardo DiCaprio, Joseph Gordon-Levitt, Elliot Page","A thief who steals corporate secrets through the use of dream-sharing technology is given the inverse task of planting an idea into the mind of a CEO, but his tragic past may doom the project and his team to disaster.","English, Japanese, French","United Kingdom, United States",Won 4 Oscars. 160 wins & 220 nominations total,"[{'Source': 'Internet Movie Database', 'Value': '8.8/10'}, {'Source': 'Rotten Tomatoes', 'Value': '86%'}, {'Source': 'Metacritic', 'Value': '74/100'}]",74.0,8.8,"2,811,614",tt1375666,movie,"$292,587,330"
The Matrix,1999,R,31 Mar 1999,136,"Action, Sci-Fi","Lana Wachowski, Lilly Wachowski","Lilly Wachowski, Lana Wachowski","Keanu Reeves, Laurence Fishburne, Carrie-Anne Moss","When a beautiful stranger leads computer hacker Neo to a forbidding underworld, he discovers the shocking truth--the life he knows is the elaborate deception of an evil cyber-intelligence.",English,"United States, Australia",Won 4 Oscars. 42 wins & 52 nominations total,"[{'Source': 'Internet Movie Database', 'Value': '8.7/10'}, {'Source': 'Rotten Tomatoes', 'Value': '83%'}, {'Source': 'Metacritic', 'Value': '73/100'}]",73.0,8.7,"2,243,093",tt0133093,movie,"$177,559,005"
GoodFellas,1990,R,21 Sep 1990,145,"Biography, Crime, Drama",Martin Scorsese,"Nicholas Pileggi, Martin Scorsese","Robert De Niro, Ray Liotta, Joe Pesci","The story of Henry Hill and his life in the mafia, covering his relationship with his wife Karen and his mob partners Jimmy Conway and Tommy DeVito.","English, Italian, Hebrew, Yiddish",United States,Won 1 Oscar. 44 wins & 38 nominations total,"[{'Source': 'Internet Movie Database', 'Value': '8.7/10'}, {'Source': 'Rotten Tomatoes', 'Value': '93%'}, {'Source': 'Metacritic', 'Value': '92/100'}]",92.0,8.7,"1,388,009",tt0099685,movie,"$46,909,721"
Interstellar,2014,PG-13,07 Nov 2014,169,"Adventure, Drama, Sci-Fi",Christopher Nolan,"Jonathan Nolan, Christopher Nolan","Matthew McConaughey, Anne Hathaway, Jessica Chastain","When Earth becomes uninhabitable in the future, a farmer and ex-NASA pilot, Joseph Cooper, is tasked to pilot a spacecraft, along with a team of researchers, to find a new planet for humans.",English,"United States, United Kingdom, Canada",Won 1 Oscar. 45 wins & 148 nominations total,"[{'Source': 'Internet Movie Database', 'Value': '8.7/10'}, {'Source': 'Rotten Tomatoes', 'Value': '73%'}, {'Source': 'Metacritic', 'Value': '74/100'}]",74.0,8.7,"2,516,752",tt0816692,movie,"$203,227,580"
Parasite,2019,R,08 Nov 2019,132,"Drama, Thriller",Bong Joon Ho,"Bong Joon Ho, Han Jin-won","Song Kang-ho, Lee Sun-kyun, Cho Yeo-jeong",Greed and class discrimination threaten the newly formed symbiotic relationship between the wealthy Park family and the destitute Kim clan.,"Korean, English",South Korea,Won 4 Oscars. 309 wins & 261 nominations total,"[{'Source': 'Internet Movie Database', 'Value': '8.5/10'}, {'Source': 'Rotten Tomatoes', 'Value': '99%'}, {'Source': 'Metacritic', 'Value': '97/100'}]",97.0,8.5,"1,148,210",tt6751668,movie,"$53,847,897"
The Green Mile,1999,R,10 Dec 1999,189,"Crime, Drama, Fantasy",Frank Darabont,"Stephen King, Frank Darabont","Tom Hanks, Michael Clarke Duncan, David Morse",A death row guard learns that a gentle giant in his charge possesses a mysterious gift.,"English, French",United States,Nominated for 4 Oscars. 15 wins & 37 nominations total,"[{'Source': 'Internet Movie Database', 'Value': '8.6/10'}, {'Source': 'Rotten Tomatoes', 'Value': '78%'}, {'Source': 'Metacritic', 'Value': '61/100'}]",61.0,8.6,"1,557,536",tt0120689,movie,"$136,801,374"
The Silence of the Lambs,1991,R,14 Feb 1991,118,"Crime, Drama, Horror",Jonathan Demme,"Thomas Harris, Ted Tally","Jodie Foster, Anthony Hopkins, Scott Glenn","A young F.B.I. cadet must receive the help of an incarcerated and manipulative cannibal killer to help catch another serial killer, a madman who skins his victims.","English, Latin",United States,Won 5 Oscars. 71 wins & 50 nominations total,"[{'Source': 'Internet Movie Database', 'Value': '8.6/10'}, {'Source': 'Rotten Tomatoes', 'Value': '95%'}, {'Source': 'Metacritic', 'Value': '86/100'}]",86.0,8.6,"1,718,588",tt0102926,movie,"$130,742,922"
Saving Private Ryan,1998,R,24 Jul 1998,169,"Drama, War",Steven Spielberg,Robert Rodat,"Tom Hanks, Matt Damon, Tom Sizemore","Following the Normandy Landings, a group of U.S. soldiers go behind enemy lines to retrieve a paratrooper whose comrades have been killed in action.","English, French, German, Czech",United States,Won 5 Oscars. 79 wins & 75 nominations total,"[{'Source': 'Internet Movie Database', 'Value': '8.6/10'}, {'Source': 'Rotten Tomatoes', 'Value': '94%'}, {'Source': 'Metacritic', 'Value': '91/100'}]",91.0,8.6,"1,635,552",tt0120815,movie,"$217,049,603"
City of God,2004,R,13 Feb 2004,130,"Crime, Drama","Kátia Lund, Fernando Meirelles","Bráulio Mantovani, Paulo Lins","Alexandre Rodrigues, Leandro Firmino, Matheus Nachtergaele","In the slums of Rio, two kids' paths diverge as one struggles to become a photographer and the other a kingpin.",Portuguese,Brazil,Nominated for 4 Oscars. 76 wins & 50 nominations total,"[{'Source': 'Internet Movie Database', 'Value': '8.6/10'}, {'Source': 'Rotten Tomatoes', 'Value': '91%'}, {'Source': 'Metacritic', 'Value': '79/100'}]",79.0,8.6,"869,206",tt0317248,movie,"$7,564,459"
Se7en,2016,,22 Sept 1995,8,"Short, Comedy, Horror",Georgios Tsononas,Georgios Tsononas,"Steven Williams, Vasilios Ieronymakis",Short student film.,English,Greece,,"[{'Source': 'Internet Movie Database', 'Value': '6.1/10'}]",,6.1,15,tt5883564,movie,
The Departed,2006,R,06 Oct 2006,151,"Crime, Drama, Thriller",Martin Scorsese,"William Monahan, Alan Mak, Felix Chong","Leonardo DiCaprio, Matt Damon, Jack Nicholson",An undercover cop and a mole in the police attempt to identify each other while infiltrating an Irish gang in South Boston.,"English, Cantonese","United States, Hong Kong",Won 4 Oscars. 100 wins & 141 nominations total,"[{'Source': 'Internet Movie Database', 'Value': '8.5/10'}, {'Source': 'Rotten Tomatoes', 'Value': '91%'}, {'Source': 'Metacritic', 'Value': '85/100'}]",85.0,8.5,"1,551,506",tt0407887,movie,"$132,399,394"
Whiplash,2014,R,15 Oct 2014,106,"Drama, Music",Damien Chazelle,Damien Chazelle,"Miles Teller, J.K. Simmons, Melissa Benoist",A promising young drummer enrolls at a cut-throat music conservatory where his dreams of greatness are mentored by an instructor who will stop at nothing to realize a student's potential.,English,United States,Won 3 Oscars. 100 wins & 144 nominations total,"[{'Source': 'Internet Movie Database', 'Value': '8.5/10'}, {'Source': 'Rotten Tomatoes', 'Value': '94%'}, {'Source': 'Metacritic', 'Value': '89/100'}]",89.0,8.5,"1,134,459",tt2582802,movie,"$14,003,391"
Gladiator,2000,R,05 May 2000,155,"Action, Adventure, Drama",Ridley Scott,"David Franzoni, John Logan, William Nicholson","Russell Crowe, Joaquin Phoenix, Connie Nielsen",A former Roman General sets out to exact vengeance against the corrupt emperor who murdered his family and sent him into slavery.,English,"United States, United Kingdom, Malta, Morocco",Won 5 Oscars. 61 wins & 105 nominations total,"[{'Source': 'Internet Movie Database', 'Value': '8.5/10'}, {'Source': 'Rotten Tomatoes', 'Value': '80%'}, {'Source': 'Metacritic', 'Value': '67/100'}]",67.0,8.5,"1,844,518",tt0172495,movie,"$187,705,427"
The Prestige,2006,PG-13,20 Oct 2006,130,"Drama, Mystery, Sci-Fi",Christopher Nolan,"Jonathan Nolan, Christopher Nolan, Christopher Priest","Christian Bale, Hugh Jackman, Scarlett Johansson","Two friends and fellow magicians become bitter enemies after a sudden tragedy. As they devote themselves to this rivalry, they make sacrifices that bring them fame but, with terrible consequences.",English,"United Kingdom, United States",Nominated for 2 Oscars. 6 wins & 44 nominations total,"[{'Source': 'Internet Movie Database', 'Value': '8.5/10'}, {'Source': 'Rotten Tomatoes', 'Value': '77%'}, {'Source': 'Metacritic', 'Value': '66/100'}]",66.0,8.5,"1,583,310",tt0482571,movie,"$53,089,891"
Memento,2001,R,25 May 2001,113,"Drama, Mystery, Thriller",Christopher Nolan,"Christopher Nolan, Jonathan Nolan","Guy Pearce, Carrie-Anne Moss, Joe Pantoliano",A former insurance investigator who now suffers from anterograde amnesia uses notes and tattoos to hunt down his wife's murderer.,English,United States,Nominated for 2 Oscars. 57 wins & 59 nominations total,"[{'Source': 'Internet Movie Database', 'Value': '8.4/10'}, {'Source': 'Rotten Tomatoes', 'Value': '94%'}, {'Source': 'Metacritic', 'Value': '83/100'}]",83.0,8.4,"1,432,382",tt0209144,movie,"$25,544,867"
The Pianist,2003,R,28 Mar 2003,150,"Biography, Drama, Music",Roman Polanski,"Ronald Harwood, Wladyslaw Szpilman","Adrien Brody, Thomas Kretschmann, Frank Finlay","During WWII, acclaimed Polish musician Wladyslaw faces various struggles as he loses contact with his family. As the situation worsens, he hides in the ruins of Warsaw in order to survive.","English, German, Russian","France, Poland, Germany, United Kingdom, United States",Won 3 Oscars. 57 wins & 74 nominations total,"[{'Source': 'Internet Movie Database', 'Value': '8.5/10'}, {'Source': 'Rotten Tomatoes', 'Value': '95%'}, {'Source': 'Metacritic', 'Value': '85/100'}]",85.0,8.5,"1,010,154",tt0253474,movie,"$32,590,750"
American History X,1998,R,20 Nov 1998,119,"Crime, Drama",Tony Kaye,David McKenna,"Edward Norton, Edward Furlong, Beverly D'Angelo",A European-American man is released from prison and now a changed man and hopes to prevent his younger brother from following in his footsteps.,English,United States,Nominated for 1 Oscar. 4 wins & 15 nominations total,"[{'Source': 'Internet Movie Database', 'Value': '8.5/10'}, {'Source': 'Rotten Tomatoes', 'Value': '84%'}, {'Source': 'Metacritic', 'Value': '62/100'}]",62.0,8.5,"1,271,167",tt0120586,movie,"$6,719,864"
The Usual Suspects,1995,R,16 Aug 1995,106,"Crime, Drama, Mystery",Bryan Singer,Christopher McQuarrie,"Kevin Spacey, Gabriel Byrne, Chazz Palminteri",The sole survivor of a pier shoot-out tells the story of how a notorious criminal influenced the events that began with five criminals meeting in a seemingly random police lineup.,"English, Hungarian, Spanish, French","United States, Germany",Won 2 Oscars. 37 wins & 17 nominations total,"[{'Source': 'Internet Movie Database', 'Value': '8.5/10'}, {'Source': 'Rotten Tomatoes', 'Value': '87%'}, {'Source': 'Metacritic', 'Value': '76/100'}]",76.0,8.5,"1,236,455",tt0114814,movie,"$23,341,568"
Léon: The Professional,1994,R,18 Nov 1994,110,"Action, Crime, Drama",Luc Besson,Luc Besson,"Jean Reno, Gary Oldman, Natalie Portman","When her family is murdered by a group of corrupt officers led by the tyrannical Norman Stansfield, a young 12-year-old girl enlists the help of an Italian-American hitman to seek revenge.","English, Italian, French","France, United States",5 wins & 16 nominations total,"[{'Source': 'Internet Movie Database', 'Value': '8.5/10'}, {'Source': 'Rotten Tomatoes', 'Value': '76%'}, {'Source': 'Metacritic', 'Value': '64/100'}]",64.0,8.5,"1,348,574",tt0110413,movie,"$19,501,238"
The Intouchables,2011,R,02 Nov 2011,112,"Comedy, Drama","Olivier Nakache, Éric Toledano","Olivier Nakache, Éric Toledano, Philippe Pozzo di Borgo","François Cluzet, Omar Sy, Anne Le Ny","After he becomes a quadriplegic from a paragliding accident, an aristocrat hires a young man from the projects to be his caregiver.","French, English",France,Nominated for 1 BAFTA Award. 38 wins & 40 nominations total,"[{'Source': 'Internet Movie Database', 'Value': '8.5/10'}, {'Source': 'Rotten Tomatoes', 'Value': '75%'}, {'Source': 'Metacritic', 'Value': '57/100'}]",57.0,8.5,"1,024,790",tt1675434,movie,"$10,198,820"
The Lion King,1994,G,24 Jun 1994,88,"Animation, Adventure, Drama","Roger Allers, Rob Minkoff","Irene Mecchi, Jonathan Roberts, Linda Woolverton","Matthew Broderick, Jeremy Irons, James Earl Jones","Lion prince Simba and his father are targeted by his bitter uncle, who wants to ascend the throne himself.","English, Swahili, Xhosa, Zulu",United States,Won 2 Oscars. 43 wins & 35 nominations total,"[{'Source': 'Internet Movie Database', 'Value': '8.5/10'}, {'Source': 'Rotten Tomatoes', 'Value': '92%'}, {'Source': 'Metacritic', 'Value': '88/100'}]",88.0,8.5,"1,248,136",tt0110357,movie,"$424,979,720"
Terminator 2: Judgment Day,1991,R,03 Jul 1991,137,"Action, Adventure, Sci-Fi",James Cameron,"James Cameron, William Wisher","Arnold Schwarzenegger, Linda Hamilton, Edward Furlong","A cyborg from the future, identical to the one who failed to kill Sarah Connor, must now protect her ten-year-old son John from an even more advanced and powerful cyborg.","English, Spanish","United States, France",Won 4 Oscars. 39 wins & 33 nominations total,"[{'Source': 'Internet Movie Database', 'Value': '8.6/10'}, {'Source': 'Rotten Tomatoes', 'Value': '90%'}, {'Source': 'Metacritic', 'Value': '75/100'}]",75.0,8.6,"1,282,391",tt0103064,movie,"$205,881,154"
Back to the Future,1985,PG,03 Jul 1985,116,"Adventure, Comedy, Sci-Fi",Robert Zemeckis,"Robert Zemeckis, Bob Gale","Michael J. Fox, Christopher Lloyd, Lea Thompson","Marty McFly, a 17-year-old high school student, is accidentally sent 30 years into the past in a time-traveling DeLorean invented by his close friend, the maverick scientist Doc Brown.",English,United States,Won 1 Oscar. 27 wins & 25 nominations total,"[{'Source': 'Internet Movie Database', 'Value': '8.5/10'}, {'Source': 'Rotten Tomatoes', 'Value': '93%'}, {'Source': 'Metacritic', 'Value': '88/100'}]",88.0,8.5,"1,450,794",tt0088763,movie,"$222,476,852"
The Lord of the Rings: The Fellowship of the Ring,2001,PG-13,19 Dec 2001,178,"Adventure, Drama, Fantasy",Peter Jackson,"J.R.R. Tolkien, Fran Walsh, Philippa Boyens","Elijah Wood, Ian McKellen, Orlando Bloom",A meek Hobbit from the Shire and eight companions set out on a journey to destroy the powerful One Ring and save Middle-earth from the Dark Lord Sauron.,"English, Sindarin","New Zealand, United States",Won 4 Oscars. 126 wins & 127 nominations total,"[{'Source': 'Internet Movie Database', 'Value': '8.9/10'}, {'Source': 'Rotten Tomatoes', 'Value': '91%'}, {'Source': 'Metacritic', 'Value': '92/100'}]",92.0,8.9,"2,203,785",tt0120737,movie,"$325,873,309"
The Lord of the Rings: The Two Towers,2002,PG-13,18 Dec 2002,179,"Adventure, Drama, Fantasy",Peter Jackson,"J.R.R. Tolkien, Fran Walsh, Philippa Boyens","Elijah Wood, Ian McKellen, Viggo Mortensen","While Frodo and Sam edge closer to Mordor with the help of the shifty Gollum, the divided fellowship makes a stand against Sauron's new ally, Saruman, and his hordes of Isengard.","English, Sindarin, Old English","New Zealand, United States",Won 2 Oscars. 132 wins & 139 nominations total,"[{'Source': 'Internet Movie Database', 'Value': '8.8/10'}, {'Source': 'Rotten Tomatoes', 'Value': '95%'}, {'Source': 'Metacritic', 'Value': '87/100'}]",87.0,8.8,"1,954,618",tt0167261,movie,"$350,104,956"
The Lord of the Rings: The Return of the King,2003,PG-13,17 Dec 2003,201,"Adventure, Drama, Fantasy",Peter Jackson,"J.R.R. Tolkien, Fran Walsh, Philippa Boyens","Elijah Wood, Viggo Mortensen, Ian McKellen",Gandalf and Aragorn lead the World of Men against Sauron's army to draw his gaze from Frodo and Sam as they approach Mount Doom with the One Ring.,"English, Quenya, Old English, Sindarin","New Zealand, United States",Won 11 Oscars. 215 wins & 124 nominations total,"[{'Source': 'Internet Movie Database', 'Value': '9.0/10'}, {'Source': 'Rotten Tomatoes', 'Value': '94%'}, {'Source': 'Metacritic', 'Value': '94/100'}]",94.0,9.0,"2,161,991",tt0167260,movie,"$386,975,644"
Star Wars: Episode IV - A New Hope,1977,PG,25 May 1977,121,"Action, Adventure, Fantasy",George Lucas,George Lucas,"Mark Hamill, Harrison Ford, Carrie Fisher","Luke Skywalker joins forces with a Jedi Knight, a cocky pilot, a Wookiee and two droids to save the galaxy from the Empire's world-destroying battle station, while also attempting to rescue Princess Leia from the mysterious Darth ...",English,United States,Won 6 Oscars. 70 wins & 31 nominations total,"[{'Source': 'Internet Movie Database', 'Value': '8.6/10'}, {'Source': 'Rotten Tomatoes', 'Value': '93%'}, {'Source': 'Metacritic', 'Value': '90/100'}]",90.0,8.6,"1,555,851",tt0076759,movie,"$460,998,507"
Star Wars: Episode V - The Empire Strikes Back,1980,PG,18 Jun 1980,124,"Action, Adventure, Fantasy",Irvin Kershner,"Leigh Brackett, Lawrence Kasdan, George Lucas","Mark Hamill, Harrison Ford, Carrie Fisher","After the Empire overpowers the Rebel Alliance, Luke Skywalker begins training with Jedi Master Yoda, while Darth Vader and bounty hunter Boba Fett pursue his friends across the galaxy.",English,United States,Won 1 Oscar. 27 wins & 21 nominations total,"[{'Source': 'Internet Movie Database', 'Value': '8.7/10'}, {'Source': 'Rotten Tomatoes', 'Value': '93%'}, {'Source': 'Metacritic', 'Value': '82/100'}]",82.0,8.7,"1,495,152",tt0080684,movie,"$292,753,960"
Star Wars: Episode VI - Return of the Jedi,1983,PG,25 May 1983,131,"Action, Adventure, Fantasy",Richard Marquand,"Lawrence Kasdan, George Lucas","Mark Hamill, Harrison Ford, Carrie Fisher","After rescuing Han Solo from Jabba the Hutt, the Rebel Alliance attempts to destroy the second Death Star while Luke struggles to help Darth Vader back from the dark side.","English, Kikuyu, Tagalog, Kalmyk-Oirat, Quechua, Polish",United States,Nominated for 4 Oscars. 25 wins & 23 nominations total,"[{'Source': 'Internet Movie Database', 'Value': '8.3/10'}, {'Source': 'Rotten Tomatoes', 'Value': '83%'}, {'Source': 'Metacritic', 'Value': '58/100'}]",58.0,8.3,"1,200,333",tt0086190,movie,"$316,566,101"
Alien,1979,R,22 Jun 1979,117,"Horror, Sci-Fi",Ridley Scott,"Dan O'Bannon, Ronald Shusett","Sigourney Weaver, Tom Skerritt, John Hurt","After investigating a mysterious transmission of unknown origin, the crew of a commercial spacecraft encounters a deadly lifeform.",English,"United Kingdom, United States",Won 1 Oscar. 19 wins & 22 nominations total,"[{'Source': 'Internet Movie Database', 'Value': '8.5/10'}, {'Source': 'Rotten Tomatoes', 'Value': '93%'}, {'Source': 'Metacritic', 'Value': '89/100'}]",89.0,8.5,"1,061,640",tt0078748,movie,"$84,206,106"
Aliens,1986,R,18 Jul 1986,137,"Action, Adventure, Horror",James Cameron,"James Cameron, David Giler, Walter Hill","Sigourney Weaver, Michael Biehn, Carrie Henn","Decades after surviving the Nostromo incident, Ellen Ripley is sent out to re-establish contact with a terraforming colony but finds herself battling the Alien Queen and her offspring.","English, Spanish","United Kingdom, United States",Won 2 Oscars. 20 wins & 25 nominations total,"[{'Source': 'Internet Movie Database', 'Value': '8.4/10'}, {'Source': 'Rotten Tomatoes', 'Value': '93%'}, {'Source': 'Metacritic', 'Value': '84/100'}]",84.0,8.4,"839,261",tt0090605,movie,"$85,160,248"
Blade Runner,1982,R,25 Jun 1982,117,"Action, Drama, Sci-Fi",Ridley Scott,"Hampton Fancher, David Webb Peoples, Philip K. Dick","Harrison Ford, Rutger Hauer, Sean Young",A blade runner must pursue and terminate four replicants who stole a ship in space and have returned to Earth to find their creator.,"English, German, Cantonese, Japanese, Hungarian, Arabic, Korean","United States, United Kingdom, Hong Kong",Nominated for 2 Oscars. 13 wins & 22 nominations total,"[{'Source': 'Internet Movie Database', 'Value': '8.1/10'}, {'Source': 'Rotten Tomatoes', 'Value': '89%'}, {'Source': 'Metacritic', 'Value': '84/100'}]",84.0,8.1,"876,371",tt0083658,movie,"$32,914,489"
Blade Runner 2049,2017,R,06 Oct 2017,164,"Action, Drama, Mystery",Denis Villeneuve,"Hampton Fancher, Michael Green, Philip K. Dick","Harrison Ford, Ryan Gosling, Ana de Armas","Young Blade Runner K's discovery of a long-buried secret leads him to track down former Blade Runner Rick Deckard, who's been missing for thirty years.",English,"Spain, Canada, United States",Won 2 Oscars. 100 wins & 164 nominations total,"[{'Source': 'Internet Movie Database', 'Value': '8.0/10'}, {'Source': 'Rotten Tomatoes', 'Value': '88%'}, {'Source': 'Metacritic', 'Value': '81/100'}]",81.0,8.0,"751,317",tt1856101,movie,"$92,071,675"
Django Unchained,2012,R,25 Dec 2012,165,"Drama, Western",Quentin Tarantino,Quentin Tarantino,"Jamie Foxx, Christoph Waltz, Leonardo DiCaprio","With the help of a German bounty-hunter, a freed slave sets out to rescue his wife from a brutal plantation owner in Mississippi.","English, German, French, Italian",United States,Won 2 Oscars. 58 wins & 158 nominations total,"[{'Source': 'Internet Movie Database', 'Value': '8.5/10'}, {'Source': 'Rotten Tomatoes', 'Value': '87%'}, {'Source': 'Metacritic', 'Value': '81/100'}]",81.0,8.5,"1,901,438",tt1853728,movie,"$162,805,434"
Inglourious Basterds,2009,R,21 Aug 2009,153,"Adventure, Drama, War",Quentin Tarantino,Quentin Tarantino,"Brad Pitt, Diane Kruger, Eli Roth","In Nazi-occupied France during World War II, a plan to assassinate Nazi leaders by a group of Jewish U.S. soldiers coincides with a theatre owner's vengeful plans for the same.","English, German, French, Italian","United States, Germany",Won 1 Oscar. 134 wins & 173 nominations total,"[{'Source': 'Internet Movie Database', 'Value': '8.4/10'}, {'Source': 'Rotten Tomatoes', 'Value': '89%'}, {'Source': 'Metacritic', 'Value': '69/100'}]",69.0,8.4,"1,778,290",tt0361748,movie,"$120,540,719"
The Wolf of Wall Street,2013,R,25 Dec 2013,180,"Biography, Comedy, Crime",Martin Scorsese,"Terence Winter, Jordan Belfort","Leonardo DiCaprio, Jonah Hill, Margot Robbie","Based on the true story of Jordan Belfort, from his rise to a wealthy stock-broker living the high life to his fall involving crime, corruption and the federal government.","English, French",United States,Nominated for 5 Oscars. 38 wins & 180 nominations total,"[{'Source': 'Internet Movie Database', 'Value': '8.2/10'}, {'Source': 'Rotten Tomatoes', 'Value': '79%'}, {'Source': 'Metacritic', 'Value': '75/100'}]",75.0,8.2,"1,784,314",tt0993846,movie,"$116,900,694"
Shutter Island,2010,R,19 Feb 2010,138,"Drama, Mystery, Thriller",Martin Scorsese,"Laeta Kalogridis, Dennis Lehane","Leonardo DiCaprio, Emily Mortimer, Mark Ruffalo",Two US marshals are sent to a mental institution on an inhospitable island in order to investigate the disappearance of a patient.,"English, German","Canada, United States",11 wins & 66 nominations total,"[{'Source': 'Internet Movie Database', 'Value': '8.2/10'}, {'Source': 'Rotten Tomatoes', 'Value': '69%'}, {'Source': 'Metacritic', 'Value': '63/100'}]",63.0,8.2,"1,644,111",tt1130884,movie,"$128,012,934"
Gone Girl,2014,R,03 Oct 2014,149,"Drama, Mystery, Thriller",David Fincher,Gillian Flynn,"Ben Affleck, Rosamund Pike, Neil Patrick Harris",The husband of a missing woman becomes the main suspect in her disappearance.,English,United States,Nominated for 1 Oscar. 64 wins & 189 nominations total,"[{'Source': 'Internet Movie Database', 'Value': '8.1/10'}, {'Source': 'Rotten Tomatoes', 'Value': '88%'}, {'Source': 'Metacritic', 'Value': '79/100'}]",79.0,8.1,"1,166,585",tt2267998,movie,"$167,767,189"
The Social Network,2010,PG-13,01 Oct 2010,120,"Biography, Drama",David Fincher,"Aaron Sorkin, Ben Mezrich","Jesse Eisenberg, Andrew Garfield, Justin Timberlake","As Harvard student Mark Zuckerberg creates the social networking site that would become known as Facebook, he is sued by the twins who claimed he stole their idea and by the co-founder who was later squeezed out of the business.","English, French",United States,Won 3 Oscars. 174 wins & 188 nominations total,"[{'Source': 'Internet Movie Database', 'Value': '7.8/10'}, {'Source': 'Rotten Tomatoes', 'Value': '96%'}, {'Source': 'Metacritic', 'Value': '95/100'}]",95.0,7.8,"812,001",tt1285016,movie,"$96,962,694"
No Country for Old Men,2007,R,21 Nov 2007,122,"Crime, Drama, Thriller","Ethan Coen, Joel Coen","Joel Coen, Ethan Coen, Cormac McCarthy","Tommy Lee Jones, Javier Bardem, Josh Brolin",Violence and mayhem ensue after a hunter stumbles upon the aftermath of a drug deal gone wrong and over two million dollars in cash near the Rio Grande.,"English, Spanish",United States,Won 4 Oscars. 165 wins & 139 nominations total,"[{'Source': 'Internet Movie Database', 'Value': '8.2/10'}, {'Source': 'Rotten Tomatoes', 'Value': '93%'}, {'Source': 'Metacritic', 'Value': '92/100'}]",92.0,8.2,"1,177,271",tt0477348,movie,"$74,283,625"
There Will Be Blood,2007,R,25 Jan 2008,158,Drama,Paul Thomas Anderson,"Paul Thomas Anderson, Upton Sinclair","Daniel Day-Lewis, Paul Dano, Ciarán Hinds","A story of family, religion, hatred, oil and madness, focusing on a turn-of-the-century prospector in the early days of the business.","English, American Sign ",United States,Won 2 Oscars. 114 wins & 138 nominations total,"[{'Source': 'Internet Movie Database', 'Value': '8.2/10'}, {'Source': 'Rotten Tomatoes', 'Value': '91%'}, {'Source': 'Metacritic', 'Value': '93/100'}]",93.0,8.2,"700,517",tt0469494,movie,"$40,222,514"
Prisoners,2013,R,20 Sep 2013,153,"Crime, Drama, Mystery",Denis Villeneuve,Aaron Guzikowski,"Hugh Jackman, Jake Gyllenhaal, Viola Davis",A desperate father takes the law into his own hands after police fail to find two kidnapped girls.,English,United States,Nominated for 1 Oscar. 10 wins & 38 nominations total,"[{'Source': 'Internet Movie Database', 'Value': '8.2/10'}, {'Source': 'Rotten Tomatoes', 'Value': '81%'}, {'Source': 'Metacritic', 'Value': '70/100'}]",70.0,8.2,"922,474",tt1392214,movie,"$61,002,302"
Arrival,2016,PG-13,11 Nov 2016,116,"Drama, Mystery, Sci-Fi",Denis Villeneuve,"Eric Heisserer, Ted Chiang","Amy Adams, Jeremy Renner, Forest Whitaker","Linguist Louise Banks leads a team of investigators when gigantic spaceships touch down around the world. As nations teeter on the verge of global war, Banks and her crew must find a way to communicate with the extraterrestrial vi...","English, Mandarin, Russian","Canada, United States",Won 1 Oscar. 71 wins & 268 nominations total,"[{'Source': 'Internet Movie Database', 'Value': '7.9/10'}, {'Source': 'Rotten Tomatoes', 'Value': '94%'}, {'Source': 'Metacritic', 'Value': '81/100'}]",81.0,7.9,"852,057",tt2543164,movie,"$100,546,139"
Dune,1984,PG-13,14 Dec 1984,137,"Action, Adventure, Sci-Fi",David Lynch,"Frank Herbert, David Lynch","Kyle MacLachlan, Virginia Madsen, Francesca Annis",A Duke's son leads desert warriors against the galactic emperor and his father's evil nemesis to free their desert world from the emperor's rule.,English,"United States, Mexico",Nominated for 1 Oscar. 2 wins & 7 nominations total,"[{'Source': 'Internet Movie Database', 'Value': '6.3/10'}, {'Source': 'Rotten Tomatoes', 'Value': '36%'}, {'Source': 'Metacritic', 'Value': '41/100'}]",41.0,6.3,"191,067",tt0087182,movie,"$31,439,560"
Dune: Part Two,2024,PG-13,01 Mar 2024,166,"Action, Adventure, Drama",Denis Villeneuve,"Denis Villeneuve, Jon Spaihts, Frank Herbert","Timothée Chalamet, Zendaya, Rebecca Ferguson","Paul Atreides unites with the Fremen while on a warpath of revenge against the conspirators who destroyed his family. Facing a choice between the love of his life and the fate of the universe, he endeavors to prevent a terrible fu...",English,"United States, Canada, United Arab Emirates, Hungary, Italy, New Zealand, Jordan, Gambia",Won 2 Oscars. 125 wins & 376 nominations total,"[{'Source': 'Internet Movie Database', 'Value': '8.4/10'}, {'Source': 'Rotten Tomatoes', 'Value': '92%'}, {'Source': 'Metacritic', 'Value': '79/100'}]",79.0,8.4,"734,902",tt15239678,movie,"$282,144,358"
The Truman Show,1998,PG,05 Jun 1998,103,"Comedy, Drama",Peter Weir,Andrew Niccol,"Jim Carrey, Ed Harris, Laura Linney",An insurance salesman begins to suspect that his whole life is actually some sort of reality TV show.,English,United States,Nominated for 3 Oscars. 42 wins & 69 nominations total,"[{'Source': 'Internet Movie Database', 'Value': '8.2/10'}, {'Source': 'Rotten Tomatoes', 'Value': '94%'}, {'Source': 'Metacritic', 'Value': '90/100'}]",90.0,8.2,"1,356,843",tt0120382,movie,"$125,618,201"
Eternal Sunshine of the Spotless Mind,2004,R,19 Mar 2004,108,"Drama, Romance, Sci-Fi",Michel Gondry,"Charlie Kaufman, Michel Gondry, Pierre Bismuth","Jim Carrey, Kate Winslet, Tom Wilkinson","When their relationship turns sour, a couple undergoes a medical procedure to have each other erased from their memories forever.",English,United States,Won 1 Oscar. 73 wins & 111 nominations total,"[{'Source': 'Internet Movie Database', 'Value': '8.3/10'}, {'Source': 'Rotten Tomatoes', 'Value': '93%'}, {'Source': 'Metacritic', 'Value': '89/100'}]",89.0,8.3,"1,166,070",tt0338013,movie,"$34,400,301"
Her,2014,R,10 Jan 2014,126,"Drama, Romance, Sci-Fi",Spike Jonze,Spike Jonze,"Joaquin Phoenix, Amy Adams, Scarlett Johansson","In the near future, a lonely writer develops an unlikely relationship with an operating system designed to meet his every need.",English,United States,Won 1 Oscar. 83 wins & 187 nominations total,"[{'Source': 'Internet Movie Database', 'Value': '8.0/10'}, {'Source': 'Rotten Tomatoes', 'Value': '95%'}, {'Source': 'Metacritic', 'Value': '91/100'}]",91.0,8.0,"725,639",tt1798709,movie,"$25,568,251"
Lost in Translation,2003,R,03 Oct 2003,102,"Comedy, Drama",Sofia Coppola,Sofia Coppola,"Bill Murray, Scarlett Johansson, Giovanni Ribisi",A fading movie star falls for a lonely young woman in Tokyo.,"English, Japanese, German, French","United States, Japan",Won 1 Oscar. 98 wins & 133 nominations total,"[{'Source': 'Internet Movie Database', 'Value': '7.7/10'}, {'Source': 'Rotten Tomatoes', 'Value': '95%'}, {'Source': 'Metacritic', 'Value': '91/100'}]",91.0,7.7,"525,233",tt0335266,movie,"$44,585,453"
The Grand Budapest Hotel,2014,R,28 Mar 2014,99,"Comedy, Drama",Wes Anderson,"Stefan Zweig, Wes Anderson, Hugo Guinness","Ralph Fiennes, F. Murray Abraham, Mathieu Amalric","A writer encounters the owner of an aging high-class hotel, who tells him of his early years serving as a lobby boy in the hotel's glorious years under an exceptional concierge.","English, French, German","United States, Germany",Won 4 Oscars. 137 wins & 227 nominations total,"[{'Source': 'Internet Movie Database', 'Value': '8.1/10'}, {'Source': 'Rotten Tomatoes', 'Value': '92%'}, {'Source': 'Metacritic', 'Value': '88/100'}]",88.0,8.1,"968,286",tt2278388,movie,"$59,301,324"
The Royal Tenenbaums,2002,R,04 Jan 2002,110,"Comedy, Drama",Wes Anderson,"Wes Anderson, Owen Wilson","Gene Hackman, Gwyneth Paltrow, Anjelica Huston",The eccentric members of a dysfunctional family reluctantly gather under the same roof for various reasons.,"English, Italian",United States,Nominated for 1 Oscar. 11 wins & 46 nominations total,"[{'Source': 'Internet Movie Database', 'Value': '7.6/10'}, {'Source': 'Rotten Tomatoes', 'Value': '81%'}, {'Source': 'Metacritic', 'Value': '76/100'}]",76.0,7.6,"334,411",tt0265666,movie,"$52,364,010"
Fantastic Mr. Fox,2009,PG,25 Nov 2009,87,"Animation, Adventure, Comedy",Wes Anderson,"Roald Dahl, Wes Anderson, Noah Baumbach","George Clooney, Meryl Streep, Bill Murray",An urbane fox cannot resist returning to his farm raiding ways and then must help his community survive the farmers' retaliation.,"English, French","United States, United Kingdom",Nominated for 2 Oscars. 32 wins & 63 nominations total,"[{'Source': 'Internet Movie Database', 'Value': '7.9/10'}, {'Source': 'Rotten Tomatoes', 'Value': '93%'}, {'Source': 'Metacritic', 'Value': '83/100'}]",83.0,7.9,"296,911",tt0432283,movie,"$21,002,919"
Moonrise Kingdom,2012,PG-13,29 Jun 2012,94,"Adventure, Comedy, Drama",Wes Anderson,"Wes Anderson, Roman Coppola","Jared Gilman, Kara Hayward, Bruce Willis","Two 12-year-olds, who live on an island, fall in love with each other and elope into the wilderness. While people set out on a search mission, a violent storm approaching them catches their attention.",English,United States,Nominated for 1 Oscar. 36 wins & 121 nominations total,"[{'Source': 'Internet Movie Database', 'Value': '7.7/10'}, {'Source': 'Rotten Tomatoes', 'Value': '93%'}, {'Source': 'Metacritic', 'Value': '84/100'}]",84.0,7.7,"382,558",tt1748122,movie,"$45,512,466"
The French Dispatch,2021,R,22 Oct 2021,107,"Comedy, Drama, Romance",Wes Anderson,"Wes Anderson, Roman Coppola, Hugo Guinness","Benicio Del Toro, Adrien Brody, Tilda Swinton","A collection of stories published in ""The French Dispatch Magazine"" comes to life in a fictional twentieth century French city.","English, French","United States, Germany, Sweden, France, United Kingdom",Nominated for 3 BAFTA Awards. 25 wins & 123 nominations total,"[{'Source': 'Internet Movie Database', 'Value': '7.1/10'}, {'Source': 'Rotten Tomatoes', 'Value': '75%'}, {'Source': 'Metacritic', 'Value': '75/100'}]",75.0,7.1,"167,470",tt8847712,movie,"$16,124,375"
The Shining,1980,R,13 Jun 1980,146,"Drama, Horror",Stanley Kubrick,"Stephen King, Stanley Kubrick, Diane Johnson","Jack Nicholson, Shelley Duvall, Danny Lloyd","A family heads to an isolated hotel for the winter, where a sinister presence influences the father into violence. At the same time, his psychic son sees horrifying forebodings from both the past and the future.",English,"United Kingdom, United States",6 wins & 9 nominations total,"[{'Source': 'Internet Movie Database', 'Value': '8.4/10'}, {'Source': 'Rotten Tomatoes', 'Value': '84%'}, {'Source': 'Metacritic', 'Value': '68/100'}]",68.0,8.4,"1,216,349",tt0081505,movie,"$47,194,352"
2001: A Space Odyssey,1968,G,12 May 1968,149,"Adventure, Sci-Fi",Stanley Kubrick,"Stanley Kubrick, Arthur C. Clarke","Keir Dullea, Gary Lockwood, William Sylvester","When a mysterious artifact is uncovered on the Moon, a spacecraft manned by two humans and one supercomputer is sent to Jupiter to find its origins.","English, Russian, French","United Kingdom, United States",Won 1 Oscar. 18 wins & 14 nominations total,"[{'Source': 'Internet Movie Database', 'Value': '8.3/10'}, {'Source': 'Rotten Tomatoes', 'Value': '90%'}, {'Source': 'Metacritic', 'Value': '84/100'}]",84.0,8.3,"772,787",tt0062622,movie,"$60,481,243"
A Clockwork Orange,1971,R,02 Feb 1972,136,"Crime, Sci-Fi",Stanley Kubrick,"Stanley Kubrick, Anthony Burgess","Malcolm McDowell, Patrick Magee, Michael Bates",Alex DeLarge and his droogs barbarize a decaying near-future.,English,"United Kingdom, United States",Nominated for 4 Oscars. 12 wins & 26 nominations total,"[{'Source': 'Internet Movie Database', 'Value': '8.2/10'}, {'Source': 'Rotten Tomatoes', 'Value': '86%'}, {'Source': 'Metacritic', 'Value': '77/100'}]",77.0,8.2,"930,482",tt0066921,movie,"$26,617,553"
Full Metal Jacket,1987,R,10 Jul 1987,116,"Drama, War",Stanley Kubrick,"Stanley Kubrick, Michael Herr, Gustav Hasford","Matthew Modine, R. Lee Ermey, Vincent D&apos;Onofrio",A pragmatic U.S. Marine observes the dehumanizing effects the Vietnam War has on his fellow recruits from their brutal boot camp training to the bloody street fighting in Hue.,"English, Vietnamese","United Kingdom, United States",Nominated for 1 Oscar. 8 wins & 15 nominations total,"[{'Source': 'Internet Movie Database', 'Value': '8.2/10'}, {'Source': 'Rotten Tomatoes', 'Value': '90%'}, {'Source': 'Metacritic', 'Value': '78/100'}]",78.0,8.2,"850,103",tt0093058,movie,"$46,357,676"
Eyes Wide Shut,1999,R,16 Jul 1999,159,"Drama, Mystery, Thriller",Stanley Kubrick,"Stanley Kubrick, Frederic Raphael, Arthur Schnitzler","Tom Cruise, Nicole Kidman, Todd Field","A Manhattan doctor embarks on a bizarre, night-long odyssey after his wife's admission of unfulfilled longing.",English,"United Kingdom, United States",12 wins & 30 nominations total,"[{'Source': 'Internet Movie Database', 'Value': '7.5/10'}, {'Source': 'Rotten Tomatoes', 'Value': '77%'}, {'Source': 'Metacritic', 'Value': '69/100'}]",69.0,7.5,"424,194",tt0120663,movie,"$55,691,208"
Apocalypse Now,1979,R,15 Aug 1979,147,"Drama, Mystery, War",Francis Ford Coppola,"John Milius, Francis Ford Coppola, Michael Herr","Martin Sheen, Marlon Brando, Robert Duvall",A U.S. Army officer serving in Vietnam is tasked with assassinating a renegade Special Forces Colonel who sees himself as a god.,"English, French, Vietnamese",United States,Won 2 Oscars. 21 wins & 33 nominations total,"[{'Source': 'Internet Movie Database', 'Value': '8.4/10'}, {'Source': 'Rotten Tomatoes', 'Value': '91%'}, {'Source': 'Metacritic', 'Value': '94/100'}]",94.0,8.4,"769,246",tt0078788,movie,"$96,074,376"
Taxi Driver,1976,R,09 Feb 1976,114,"Crime, Drama",Martin Scorsese,Paul Schrader,"Robert De Niro, Jodie Foster, Cybill Shepherd","A mentally unstable veteran works as a nighttime taxi driver in New York City, where the perceived decadence and sleaze fuels his urge for violent action.","English, Spanish",United States,Nominated for 4 Oscars. 22 wins & 21 nominations total,"[{'Source': 'Internet Movie Database', 'Value': '8.2/10'}, {'Source': 'Rotten Tomatoes', 'Value': '89%'}, {'Source': 'Metacritic', 'Value': '94/100'}]",94.0,8.2,"1,023,905",tt0075314,movie,"$28,262,574"
Raging Bull,1980,R,19 Dec 1980,129,"Biography, Drama, Sport",Martin Scorsese,"Jake LaMotta, Joseph Carter, Peter Savage","Robert De Niro, Cathy Moriarty, Joe Pesci","The life of boxer Jake LaMotta, whose violence and temper that led him to the top in the ring destroyed his life outside of it.",English,United States,Won 2 Oscars. 24 wins & 28 nominations total,"[{'Source': 'Internet Movie Database', 'Value': '8.1/10'}, {'Source': 'Rotten Tomatoes', 'Value': '92%'}, {'Source': 'Metacritic', 'Value': '90/100'}]",90.0,8.1,"407,608",tt0081398,movie,"$23,383,987"
The Irishman,2019,R,27 Nov 2019,209,"Biography, Crime, Drama",Martin Scorsese,"Steven Zaillian, Charles Brandt","Robert De Niro, Al Pacino, Joe Pesci","An illustration of Frank Sheeran's life, from W.W.II veteran to hit-man for the Bufalino crime family and his alleged assassination of his close friend Jimmy Hoffa.","English, Italian, Latin, Spanish, German",United States,Nominated for 10 Oscars. 72 wins & 354 nominations total,"[{'Source': 'Internet Movie Database', 'Value': '7.8/10'}, {'Source': 'Rotten Tomatoes', 'Value': '95%'}, {'Source': 'Metacritic', 'Value': '94/100'}]",94.0,7.8,"468,945",tt1302006,movie,
Casino,1995,R,22 Nov 1995,178,"Crime, Drama",Martin Scorsese,"Nicholas Pileggi, Martin Scorsese","Robert De Niro, Sharon Stone, Joe Pesci","In Las Vegas, two best friends--a casino executive and a Mafia enforcer--compete for a gambling empire and a fast-living, fast-loving socialite.",English,"United States, France",Nominated for 1 Oscar. 4 wins & 11 nominations total,"[{'Source': 'Internet Movie Database', 'Value': '8.2/10'}, {'Source': 'Rotten Tomatoes', 'Value': '79%'}, {'Source': 'Metacritic', 'Value': '73/100'}]",73.0,8.2,"613,907",tt0112641,movie,"$42,512,375"
The King of Comedy,1982,PG,18 Dec 1982,109,"Comedy, Crime, Drama",Martin Scorsese,Paul D. Zimmerman,"Robert De Niro, Jerry Lewis, Diahnne Abbott","Rupert is an aspiring stand-up comedian, who is willing to go the extra mile in his attempt to appear in the late night show hosted by his idol.",English,United States,Won 1 BAFTA Award3 wins & 8 nominations total,"[{'Source': 'Internet Movie Database', 'Value': '7.8/10'}, {'Source': 'Rotten Tomatoes', 'Value': '89%'}, {'Source': 'Metacritic', 'Value': '73/100'}]",73.0,7.8,"131,528",tt0085794,movie,"$2,536,242"
Heat,1995,R,15 Dec 1995,170,"Action, Crime, Drama",Michael Mann,Michael Mann,"Al Pacino, Robert De Niro, Val Kilmer",A group of high-end professional thieves start to feel the heat from the LAPD when they unknowingly leave a verbal clue at their latest heist.,"English, Spanish",United States,15 nominations total,"[{'Source': 'Internet Movie Database', 'Value': '8.3/10'}, {'Source': 'Rotten Tomatoes', 'Value': '84%'}, {'Source': 'Metacritic', 'Value': '76/100'}]",76.0,8.3,"800,903",tt0113277,movie,"$67,436,818"
Scarface,1983,R,09 Dec 1983,170,"Crime, Drama",Brian De Palma,"Oliver Stone, Howard Hawks, Ben Hecht","Al Pacino, Michelle Pfeiffer, Steven Bauer","In the 1980s, a determined criminal-minded Cuban immigrant becomes the biggest drug smuggler in Miami, and is eventually undone by his own drug addiction.","English, Spanish",United States,8 nominations total,"[{'Source': 'Internet Movie Database', 'Value': '8.3/10'}, {'Source': 'Rotten Tomatoes', 'Value': '77%'}, {'Source': 'Metacritic', 'Value': '65/100'}]",65.0,8.3,"1,012,928",tt0086250,movie,"$45,967,303"
Carlito's Way,1993,R,12 Nov 1993,144,"Crime, Drama, Thriller",Brian De Palma,"Edwin Torres, David Koepp","Al Pacino, Sean Penn, Penelope Ann Miller","A Puerto Rican former convict, just released from prison, pledges to stay away from drugs and violence despite the pressure around him and lead on to a better life outside of N.Y.C.","English, Spanish, French",United States,2 wins & 9 nominations total,"[{'Source': 'Internet Movie Database', 'Value': '7.9/10'}, {'Source': 'Rotten Tomatoes', 'Value': '84%'}, {'Source': 'Metacritic', 'Value': '66/100'}]",66.0,7.9,"244,420",tt0106519,movie,"$36,948,322"
Once Upon a Time in America,1984,R,01 Jun 1984,229,"Crime, Drama",Sergio Leone,"Harry Grey, Leonardo Benvenuti, Piero De Bernardi","Robert De Niro, James Woods, Elizabeth McGovern","A former Prohibition-era Jewish gangster returns to the Lower East Side of Manhattan 35 years later, where he must once again confront the ghosts and regrets of his old life.","English, Italian, French, Yiddish, Hebrew","Italy, United States",Won 2 BAFTA Awards. 11 wins & 13 nominations total,"[{'Source': 'Internet Movie Database', 'Value': '8.3/10'}, {'Source': 'Rotten Tomatoes', 'Value': '86%'}, {'Source': 'Metacritic', 'Value': '75/100'}]",75.0,8.3,"408,370",tt0087843,movie,"$5,321,508"
"The Good, the Bad and the Ugly",1967,R,29 Dec 1967,178,"Adventure, Drama, Western",Sergio Leone,"Luciano Vincenzoni, Sergio Leone, Agenore Incrocci","Clint Eastwood, Eli Wallach, Lee Van Cleef",A bounty-hunting scam joins two men in an uneasy alliance against a third in a race to find a fortune in gold buried in a remote cemetery.,"English, Italian","Italy, Spain, West Germany, United States",2 wins & 5 nominations total,"[{'Source': 'Internet Movie Database', 'Value': '8.8/10'}, {'Source': 'Rotten Tomatoes', 'Value': '97%'}, {'Source': 'Metacritic', 'Value': '90/100'}]",90.0,8.8,"889,734",tt0060196,movie,"$25,100,000"
Once Upon a Time in the West,1969,PG-13,04 Jul 1969,145,"Drama, Western",Sergio Leone,"Sergio Donati, Sergio Leone, Dario Argento","Henry Fonda, Charles Bronson, Claudia Cardinale",A mysterious stranger with a harmonica teams up with a notorious desperado to protect a beautiful widow and her land from a ruthless assassin in the employ of a railroad tycoon.,"English, Spanish, Italian","Italy, United States",6 wins & 5 nominations total,"[{'Source': 'Internet Movie Database', 'Value': '8.5/10'}, {'Source': 'Rotten Tomatoes', 'Value': '96%'}, {'Source': 'Metacritic', 'Value': '82/100'}]",82.0,8.5,"383,734",tt0064116,movie,"$5,321,508"
Reservoir Dogs,1992,R,02 Sep 1992,99,"Crime, Thriller",Quentin Tarantino,"Quentin Tarantino, Roger Avary","Harvey Keitel, Tim Roth, Michael Madsen","When a simple jewelry heist goes horribly wrong, the surviving criminals begin to suspect that one of them is a police informant.",English,United States,13 wins & 23 nominations total,"[{'Source': 'Internet Movie Database', 'Value': '8.3/10'}, {'Source': 'Rotten Tomatoes', 'Value': '90%'}, {'Source': 'Metacritic', 'Value': '81/100'}]",81.0,8.3,"1,164,336",tt0105236,movie,"$2,832,029"
Kill Bill: Vol. 1,2003,R,10 Oct 2003,111,"Action, Crime, Thriller",Quentin Tarantino,"Quentin Tarantino, Uma Thurman","Uma Thurman, David Carradine, Daryl Hannah","After waking from a four-year coma, a former assassin wreaks vengeance on the team of assassins who betrayed her.","English, Japanese, French",United States,Nominated for 5 BAFTA Awards. 30 wins & 103 nominations total,"[{'Source': 'Internet Movie Database', 'Value': '8.2/10'}, {'Source': 'Rotten Tomatoes', 'Value': '85%'}, {'Source': 'Metacritic', 'Value': '69/100'}]",69.0,8.2,"1,305,508",tt0266697,movie,"$70,099,045"
Kill Bill: Vol. 2,2004,R,16 Apr 2004,137,"Action, Crime, Thriller",Quentin Tarantino,"Quentin Tarantino, Uma Thurman","Uma Thurman, David Carradine, Michael Madsen","The Bride continues her quest of vengeance against her former boss and lover Bill, the reclusive bouncer Budd, and the treacherous, one-eyed Elle.","English, Cantonese, Mandarin, Spanish",United States,23 wins & 84 nominations total,"[{'Source': 'Internet Movie Database', 'Value': '8.0/10'}, {'Source': 'Rotten Tomatoes', 'Value': '84%'}, {'Source': 'Metacritic', 'Value': '83/100'}]",83.0,8.0,"869,309",tt0378194,movie,"$66,208,183"
The Hateful Eight,2015,R,30 Dec 2015,168,"Crime, Drama, Mystery",Quentin Tarantino,Quentin Tarantino,"Samuel L. Jackson, Kurt Russell, Jennifer Jason Leigh","In the dead of a Wyoming winter, a bounty hunter and his prisoner find shelter in a cabin currently inhabited by a collection of nefarious characters.","English, Spanish, French, Persian",United States,Won 1 Oscar. 46 wins & 116 nominations total,"[{'Source': 'Internet Movie Database', 'Value': '7.8/10'}, {'Source': 'Rotten Tomatoes', 'Value': '74%'}, {'Source': 'Metacritic', 'Value': '68/100'}]",68.0,7.8,"718,072",tt3460252,movie,"$54,117,416"
Jackie Brown,1997,R,25 Dec 1997,154,"Crime, Drama, Thriller",Quentin Tarantino,"Quentin Tarantino, Elmore Leonard","Pam Grier, Samuel L. Jackson, Robert Forster","A flight attendant with a criminal past gets nabbed by the ATF for smuggling. Under pressure to become an informant against the illegal arms dealer she works for, she must find a way to secure her future without getting killed.","English, Spanish",United States,Nominated for 1 Oscar. 9 wins & 24 nominations total,"[{'Source': 'Internet Movie Database', 'Value': '7.5/10'}, {'Source': 'Rotten Tomatoes', 'Value': '88%'}, {'Source': 'Metacritic', 'Value': '62/100'}]",62.0,7.5,"400,150",tt0119396,movie,"$39,673,162"
The Thing,1982,R,25 Jun 1982,109,"Horror, Mystery, Sci-Fi",John Carpenter,"Bill Lancaster, John W. Campbell Jr.","Kurt Russell, Wilford Brimley, Keith David",A research team in Antarctica is hunted by a shape-shifting alien that assumes the appearance of its victims.,"English, Norwegian",United States,1 win & 5 nominations total,"[{'Source': 'Internet Movie Database', 'Value': '8.2/10'}, {'Source': 'Rotten Tomatoes', 'Value': '85%'}, {'Source': 'Metacritic', 'Value': '57/100'}]",57.0,8.2,"521,638",tt0084787,movie,"$20,063,820"
They Live,1988,R,04 Nov 1988,94,"Action, Horror, Sci-Fi",John Carpenter,"Ray Nelson, John Carpenter","Roddy Piper, Keith David, Meg Foster",They influence our decisions without us knowing it. They numb our senses without us feeling it. They control our lives without us realizing it. They live.,English,"United States, Netherlands",4 nominations total,"[{'Source': 'Internet Movie Database', 'Value': '7.2/10'}, {'Source': 'Rotten Tomatoes', 'Value': '86%'}, {'Source': 'Metacritic', 'Value': '55/100'}]",55.0,7.2,"162,436",tt0096256,movie,"$13,447,978"
Escape from New York,1981,R,10 Jul 1981,99,"Action, Adventure, Sci-Fi",John Carpenter,"John Carpenter, Nick Castle","Kurt Russell, Lee Van Cleef, Ernest Borgnine","In a dystopian 1997, a soldier-turned-bank robber is tasked with rescuing the U.S. President after he crashes into Manhattan, which has been turned into a giant maximum security prison.",English,"United Kingdom, United States",6 nominations total,"[{'Source': 'Internet Movie Database', 'Value': '7.1/10'}, {'Source': 'Rotten Tomatoes', 'Value': '70%'}, {'Source': 'Metacritic', 'Value': '76/100'}]",76.0,7.1,"171,215",tt0082340,movie,"$25,244,626"
American Psycho,2000,R,14 Apr 2000,102,"Crime, Drama, Horror",Mary Harron,"Bret Easton Ellis, Mary Harron, Guinevere Turner","Christian Bale, Justin Theroux, Josh Lucas","A wealthy New York City investment banking executive, Patrick Bateman, hides his alternate psychopathic ego from his co-workers and friends as he delves deeper into his violent, hedonistic fantasies.","English, Spanish, Cantonese",United States,7 wins & 11 nominations total,"[{'Source': 'Internet Movie Database', 'Value': '7.6/10'}, {'Source': 'Rotten Tomatoes', 'Value': '69%'}, {'Source': 'Metacritic', 'Value': '64/100'}]",64.0,7.6,"827,026",tt0144084,movie,"$15,070,285"
Black Swan,2010,R,17 Dec 2010,108,"Drama, Thriller",Darren Aronofsky,"Mark Heyman, Andres Heinz, John J. McLaughlin","Natalie Portman, Mila Kunis, Vincent Cassel","Nina is a talented but unstable ballerina on the verge of stardom. Pushed to the breaking point by her artistic director and a seductive rival, Nina's grip on reality slips, plunging her into a waking nightmare.","English, French, Italian",United States,Won 1 Oscar. 98 wins & 279 nominations total,"[{'Source': 'Internet Movie Database', 'Value': '8.0/10'}, {'Source': 'Rotten Tomatoes', 'Value': '85%'}, {'Source': 'Metacritic', 'Value': '79/100'}]",79.0,8.0,"882,921",tt0947798,movie,"$107,770,258"
Requiem for a Dream,2000,NC-17,15 Dec 2000,102,Drama,Darren Aronofsky,"Hubert Selby Jr., Darren Aronofsky","Ellen Burstyn, Jared Leto, Jennifer Connelly",The drug-induced utopias of four Coney Island people are shattered when their addictions run deep.,English,United States,Nominated for 1 Oscar. 37 wins & 69 nominations total,"[{'Source': 'Internet Movie Database', 'Value': '8.3/10'}, {'Source': 'Rotten Tomatoes', 'Value': '80%'}, {'Source': 'Metacritic', 'Value': '71/100'}]",71.0,8.3,"966,708",tt0180093,movie,"$3,635,482"
The Wrestler,2008,R,30 Jan 2009,109,"Drama, Sport",Darren Aronofsky,Robert Siegel,"Mickey Rourke, Marisa Tomei, Evan Rachel Wood","A faded professional wrestler must retire, but finds his quest for a new life outside the ring a dispiriting struggle.",English,"United States, France",Nominated for 2 Oscars. 58 wins & 93 nominations total,"[{'Source': 'Internet Movie Database', 'Value': '7.9/10'}, {'Source': 'Rotten Tomatoes', 'Value': '99%'}, {'Source': 'Metacritic', 'Value': '80/100'}]",80.0,7.9,"330,212",tt1125849,movie,"$26,238,243"
Mother!,2017,R,15 Sep 2017,121,"Drama, Horror, Mystery",Darren Aronofsky,Darren Aronofsky,"Jennifer Lawrence, Javier Bardem, Ed Harris","A couple's relationship is tested when uninvited guests arrive at their home, disrupting their tranquil existence.",English,"United States, Canada",9 wins & 54 nominations total,"[{'Source': 'Internet Movie Database', 'Value': '6.6/10'}, {'Source': 'Rotten Tomatoes', 'Value': '68%'}, {'Source': 'Metacritic', 'Value': '76/100'}]",76.0,6.6,"266,741",tt5109784,movie,"$17,800,004"
The Whale,2022,R,21 Dec 2022,117,Drama,Darren Aronofsky,Samuel D. Hunter,"Brendan Fraser, Sadie Sink, Ty Simpkins","A reclusive, morbidly obese English teacher attempts to reconnect with his estranged teenage daughter.",English,United States,Won 2 Oscars. 51 wins & 124 nominations total,"[{'Source': 'Internet Movie Database', 'Value': '7.6/10'}, {'Source': 'Rotten Tomatoes', 'Value': '64%'}, {'Source': 'Metacritic', 'Value': '60/100'}]",60.0,7.6,"281,700",tt13833688,movie,"$17,463,630"
The Lighthouse,2019,R,01 Nov 2019,109,"Drama, Fantasy, Horror",Robert Eggers,"Robert Eggers, Max Eggers","Robert Pattinson, Willem Dafoe, Valeriia Karaman",Two lighthouse keepers try to maintain their sanity while living on a remote and mysterious New England island in the 1890s.,English,"Canada, United States",Nominated for 1 Oscar. 33 wins & 139 nominations total,"[{'Source': 'Internet Movie Database', 'Value': '7.4/10'}, {'Source': 'Rotten Tomatoes', 'Value': '90%'}, {'Source': 'Metacritic', 'Value': '83/100'}]",83.0,7.4,"301,036",tt7984734,movie,"$10,867,104"
The Northman,2022,R,22 Apr 2022,137,"Action, Adventure, Drama",Robert Eggers,"Sjón, Robert Eggers","Alexander Skarsgård, Nicole Kidman, Claes Bang",A young Viking prince is on a quest to avenge his father's murder.,"English, Norse, Old, Ukrainian","United Kingdom, China, United States",5 wins & 55 nominations total,"[{'Source': 'Internet Movie Database', 'Value': '7.0/10'}, {'Source': 'Rotten Tomatoes', 'Value': '90%'}, {'Source': 'Metacritic', 'Value': '82/100'}]",82.0,7.0,"298,461",tt11138512,movie,"$34,233,110"
Ex Machina,2014,R,24 Apr 2015,108,"Drama, Sci-Fi, Thriller",Alex Garland,Alex Garland,"Alicia Vikander, Domhnall Gleeson, Oscar Isaac",A young programmer is selected to participate in a ground-breaking experiment in synthetic intelligence by evaluating the human qualities of a highly advanced humanoid A.I.,English,"United Kingdom, United States",Won 1 Oscar. 74 wins & 162 nominations total,"[{'Source': 'Internet Movie Database', 'Value': '7.7/10'}, {'Source': 'Rotten Tomatoes', 'Value': '92%'}, {'Source': 'Metacritic', 'Value': '78/100'}]",78.0,7.7,"633,967",tt0470752,movie,"$25,442,958"
Uncut Gems,2019,R,25 Dec 2019,135,"Crime, Drama, Thriller","Benny Safdie, Josh Safdie","Ronald Bronstein, Josh Safdie, Benny Safdie","Adam Sandler, Julia Fox, Idina Menzel","With his debts mounting and angry collectors closing in, a fast-talking New York City jeweler risks everything in hope of staying afloat and alive.","English, Hebrew",United States,27 wins & 91 nominations total,"[{'Source': 'Internet Movie Database', 'Value': '7.4/10'}, {'Source': 'Rotten Tomatoes', 'Value': '91%'}, {'Source': 'Metacritic', 'Value': '93/100'}]",93.0,7.4,"351,556",tt5727208,movie,"$50,023,780"
Good Time,2017,R,25 Aug 2017,102,"Crime, Drama, Thriller","Benny Safdie, Josh Safdie","Ronald Bronstein, Josh Safdie","Robert Pattinson, Benny Safdie, Jennifer Jason Leigh","After a botched bank robbery lands his younger brother in prison, Connie Nikas embarks on a twisted odyssey through New York City's underworld to get his brother Nick out of jail.",English,United States,6 wins & 47 nominations total,"[{'Source': 'Internet Movie Database', 'Value': '7.3/10'}, {'Source': 'Rotten Tomatoes', 'Value': '91%'}, {'Source': 'Metacritic', 'Value': '80/100'}]",80.0,7.3,"149,259",tt4846232,movie,"$2,026,499"
Midsommar,2019,R,03 Jul 2019,148,"Drama, Horror, Mystery",Ari Aster,Ari Aster,"Florence Pugh, Jack Reynor, Vilhelm Blomgren",A couple travels to Northern Europe to visit a rural hometown's fabled Swedish mid-summer festival. What begins as an idyllic retreat quickly devolves into an increasingly violent and bizarre competition at the hands of a pagan cult.,"English, Swedish","United States, Sweden",27 wins & 74 nominations total,"[{'Source': 'Internet Movie Database', 'Value': '7.1/10'}, {'Source': 'Rotten Tomatoes', 'Value': '83%'}, {'Source': 'Metacritic', 'Value': '72/100'}]",72.0,7.1,"481,955",tt8772262,movie,"$27,426,361"
Hereditary,2018,R,08 Jun 2018,127,"Drama, Horror, Mystery",Ari Aster,Ari Aster,"Toni Collette, Milly Shapiro, Gabriel Byrne",A grieving family is haunted by tragic and disturbing occurrences.,"English, Spanish",United States,52 wins & 112 nominations total,"[{'Source': 'Internet Movie Database', 'Value': '7.3/10'}, {'Source': 'Rotten Tomatoes', 'Value': '90%'}, {'Source': 'Metacritic', 'Value': '87/100'}]",87.0,7.3,"453,527",tt7784604,movie,"$44,069,456"
The Babadook,2014,Not Rated,28 Nov 2014,94,"Drama, Horror, Mystery",Jennifer Kent,Jennifer Kent,"Essie Davis, Noah Wiseman, Daniel Henshall","A single mother and her child fall into a deep well of paranoia when an eerie children's book titled ""Mister Babadook"" manifests in their home.",English,"Australia, Canada",56 wins & 64 nominations total,"[{'Source': 'Internet Movie Database', 'Value': '6.8/10'}, {'Source': 'Rotten Tomatoes', 'Value': '98%'}, {'Source': 'Metacritic', 'Value': '86/100'}]",86.0,6.8,"265,823",tt2321549,movie,"$964,413"
Get Out,2017,R,24 Feb 2017,104,"Horror, Mystery, Thriller",Jordan Peele,Jordan Peele,"Daniel Kaluuya, Allison Williams, Bradley Whitford","A young African-American visits his white girlfriend's parents for the weekend, where his simmering uneasiness about their reception of him eventually reaches a boiling point.","English, Swahili","United States, Japan",Won 1 Oscar. 154 wins & 214 nominations total,"[{'Source': 'Internet Movie Database', 'Value': '7.8/10'}, {'Source': 'Rotten Tomatoes', 'Value': '98%'}, {'Source': 'Metacritic', 'Value': '85/100'}]",85.0,7.8,"814,293",tt5052448,movie,"$176,196,665"
Us,2019,R,22 Mar 2019,116,"Horror, Mystery, Thriller",Jordan Peele,Jordan Peele,"Lupita Nyong'o, Winston Duke, Elisabeth Moss","In order to get away from their busy lives, the Wilson family takes a vacation to Santa Cruz, California. At night, four strangers break into Adelaide's childhood home. The family is shocked to find out that the intruders look lik...",English,"United States, China, Japan",87 wins & 135 nominations total,"[{'Source': 'Internet Movie Database', 'Value': '6.8/10'}, {'Source': 'Rotten Tomatoes', 'Value': '93%'}, {'Source': 'Metacritic', 'Value': '81/100'}]",81.0,6.8,"390,771",tt6857112,movie,"$175,084,580"
Nope,2022,R,22 Jul 2022,130,"Horror, Mystery, Sci-Fi",Jordan Peele,Jordan Peele,"Daniel Kaluuya, Keke Palmer, Brandon Perea",The residents of a lonely gulch in inland California bear witness to an uncanny and chilling phenomenon.,"English, Spanish","United States, Japan, Canada",44 wins & 182 nominations total,"[{'Source': 'Internet Movie Database', 'Value': '6.8/10'}, {'Source': 'Rotten Tomatoes', 'Value': '83%'}, {'Source': 'Metacritic', 'Value': '77/100'}]",77.0,6.8,"314,732",tt10954984,movie,"$123,277,080"
A Quiet Place,2018,PG-13,06 Apr 2018,90,"Drama, Horror, Sci-Fi",John Krasinski,"Bryan Woods, Scott Beck, John Krasinski","Emily Blunt, John Krasinski, Millicent Simmonds",A family struggles for survival in a world invaded by blind alien creatures with ultra-sensitive hearing.,"English, American Sign ",United States,Nominated for 1 Oscar. 38 wins & 129 nominations total,"[{'Source': 'Internet Movie Database', 'Value': '7.5/10'}, {'Source': 'Rotten Tomatoes', 'Value': '96%'}, {'Source': 'Metacritic', 'Value': '82/100'}]",82.0,7.5,"652,123",tt6644200,movie,"$188,024,361"
The Conjuring,2013,R,19 Jul 2013,112,"Horror, Mystery, Thriller",James Wan,"Chad Hayes, Carey W. Hayes","Patrick Wilson, Vera Farmiga, Ron Livingston",Paranormal investigators Ed and Lorraine Warren work to help a family terrorized by a dark presence in their farmhouse.,"English, Latin",United States,15 wins & 22 nominations total,"[{'Source': 'Internet Movie Database', 'Value': '7.5/10'}, {'Source': 'Rotten Tomatoes', 'Value': '86%'}, {'Source': 'Metacritic', 'Value': '68/100'}]",68.0,7.5,"620,597",tt1457767,movie,"$137,446,368"
It,2017,R,08 Sep 2017,135,Horror,Andy Muschietti,"Chase Palmer, Cary Joji Fukunaga, Gary Dauberman","Bill Skarsgård, Jaeden Martell, Finn Wolfhard","In the summer of 1989, a group of bullied kids band together to destroy a shape-shifting monster, which disguises itself as a clown and preys on the children of Derry, their small Maine town.","English, Hebrew",United States,12 wins & 49 nominations total,"[{'Source': 'Internet Movie Database', 'Value': '7.3/10'}, {'Source': 'Rotten Tomatoes', 'Value': '85%'}, {'Source': 'Metacritic', 'Value': '69/100'}]",69.0,7.3,"694,027",tt1396484,movie,"$328,874,981"
It: Chapter Two,2019,R,06 Sep 2019,169,"Drama, Fantasy, Horror",Andy Muschietti,"Stephen King, Gary Dauberman","Jessica Chastain, James McAvoy, Bill Hader","Twenty-seven years after their first encounter with the terrifying Pennywise, the Losers Club have grown up and moved away, until a devastating phone call brings them back.","English, North American Indian, Spanish","United States, Canada",7 wins & 34 nominations total,"[{'Source': 'Internet Movie Database', 'Value': '6.5/10'}, {'Source': 'Rotten Tomatoes', 'Value': '62%'}, {'Source': 'Metacritic', 'Value': '58/100'}]",58.0,6.5,"353,654",tt7349950,movie,"$211,622,525"
The Exorcist,1973,R,26 Dec 1973,122,Horror,William Friedkin,William Peter Blatty,"Ellen Burstyn, Max von Sydow, Linda Blair","When a mysterious entity possesses a young girl, her mother seeks the help of two Catholic priests to save her life.","English, Latin, Greek, French, German, Arabic, Kurdish",United States,Won 2 Oscars. 18 wins & 21 nominations total,"[{'Source': 'Internet Movie Database', 'Value': '8.1/10'}, {'Source': 'Rotten Tomatoes', 'Value': '78%'}, {'Source': 'Metacritic', 'Value': '83/100'}]",83.0,8.1,"495,533",tt0070047,movie,"$233,005,644"
The Sixth Sense,1999,PG-13,06 Aug 1999,107,"Drama, Mystery, Thriller",M. Night Shyamalan,M. Night Shyamalan,"Bruce Willis, Haley Joel Osment, Toni Collette","After being shot by a resentful former patient whom he failed to help, a Philadelphia child psychologist seeks redemption by treating a young boy with a disturbing secret.","English, Latin, Spanish",United States,Nominated for 6 Oscars. 37 wins & 56 nominations total,"[{'Source': 'Internet Movie Database', 'Value': '8.2/10'}, {'Source': 'Rotten Tomatoes', 'Value': '86%'}, {'Source': 'Metacritic', 'Value': '64/100'}]",64.0,8.2,"1,136,530",tt0167404,movie,"$293,506,292"
The Others,2001,PG-13,10 Aug 2001,104,"Horror, Mystery, Thriller",Alejandro Amenábar,Alejandro Amenábar,"Nicole Kidman, Christopher Eccleston, Fionnula Flanagan","In 1945, immediately following the end of Second World War, a woman who lives with her two photosensitive children on her darkened old family estate in the Channel Islands becomes convinced that the home is haunted.",English,"Spain, France, United States",Nominated for 2 BAFTA 29 wins & 55 nominations total,"[{'Source': 'Internet Movie Database', 'Value': '7.6/10'}, {'Source': 'Rotten Tomatoes', 'Value': '85%'}, {'Source': 'Metacritic', 'Value': '74/100'}]",74.0,7.6,"424,115",tt0230600,movie,"$96,578,502"
The Ring,2002,PG-13,18 Oct 2002,115,"Horror, Mystery",Gore Verbinski,"Ehren Kruger, Kôji Suzuki, Hiroshi Takahashi","Naomi Watts, Martin Henderson, Brian Cox",A journalist must investigate a mysterious videotape which seems to cause the death of anyone one week to the day after they view it.,English,"United States, Japan",14 wins & 12 nominations total,"[{'Source': 'Internet Movie Database', 'Value': '7.1/10'}, {'Source': 'Rotten Tomatoes', 'Value': '72%'}, {'Source': 'Metacritic', 'Value': '57/100'}]",57.0,7.1,"400,067",tt0298130,movie,"$129,128,133"
Scream,1996,R,20 Dec 1996,111,"Horror, Mystery",Wes Craven,Kevin Williamson,"Neve Campbell, Courteney Cox, David Arquette","In the small town of Woodsboro, California, a masked killer known as Ghostface begins murdering high school students, and a group of friends must use their knowledge of horror movies to unmask the killer.",English,United States,12 wins & 11 nominations total,"[{'Source': 'Internet Movie Database', 'Value': '7.4/10'}, {'Source': 'Rotten Tomatoes', 'Value': '78%'}, {'Source': 'Metacritic', 'Value': '66/100'}]",66.0,7.4,"438,930",tt0117571,movie,"$103,046,663"
Halloween,1978,R,27 Oct 1978,91,"Horror, Thriller",John Carpenter,"John Carpenter, Debra Hill","Donald Pleasence, Jamie Lee Curtis, Tony Moran","Fifteen years after murdering his sister on Halloween night 1963, Michael Myers escapes from a mental hospital and returns to the small town of Haddonfield, Illinois, to kill again.",English,United States,9 wins & 3 nominations total,"[{'Source': 'Internet Movie Database', 'Value': '7.7/10'}, {'Source': 'Rotten Tomatoes', 'Value': '97%'}, {'Source': 'Metacritic', 'Value': '91/100'}]",91.0,7.7,"338,351",tt0077651,movie,"$47,160,000"
The Texas Chain Saw Massacre,1974,R,11 Oct 1974,83,Horror,Tobe Hooper,"Kim Henkel, Tobe Hooper","Marilyn Burns, Edwin Neal, Allen Danziger","Five friends head out to rural Texas to visit the grave of a grandfather. On the way they stumble across what appears to be a deserted house, only to discover something sinister within. Something armed with a chainsaw.",English,United States,4 wins & 2 nominations total,"[{'Source': 'Internet Movie Database', 'Value': '7.4/10'}, {'Source': 'Rotten Tomatoes', 'Value': '85%'}, {'Source': 'Metacritic', 'Value': '91/100'}]",91.0,7.4,"206,161",tt0072271,movie,"$30,859,000"
Psycho,1960,R,08 Sep 1960,109,"Drama, Horror, Mystery",Alfred Hitchcock,"Joseph Stefano, Robert Bloch","Anthony Perkins, Janet Leigh, Vera Miles",A secretary on the run for embezzlement takes refuge at a secluded California motel owned by a repressed man and his overbearing mother.,English,United States,Nominated for 4 Oscars. 8 wins & 14 nominations total,"[{'Source': 'Internet Movie Database', 'Value': '8.5/10'}, {'Source': 'Rotten Tomatoes', 'Value': '97%'}, {'Source': 'Metacritic', 'Value': '97/100'}]",97.0,8.5,"783,952",tt0054215,movie,"$32,181,230"
Vertigo,1958,PG,28 May 1958,128,"Mystery, Romance, Thriller",Alfred Hitchcock,"Alec Coppel, Samuel A. Taylor, Pierre Boileau","James Stewart, Kim Novak, Barbara Bel Geddes","A former San Francisco police detective juggles wrestling with his personal demons and becoming obsessed with the hauntingly beautiful woman he has been hired to trail, who may be deeply disturbed.",English,United States,Nominated for 2 Oscars. 9 wins & 8 nominations total,"[{'Source': 'Internet Movie Database', 'Value': '8.2/10'}, {'Source': 'Rotten Tomatoes', 'Value': '94%'}, {'Source': 'Metacritic', 'Value': '100/100'}]",100.0,8.2,"458,761",tt0052357,movie,"$7,863,310"
Rear Window,1954,PG,01 Sep 1954,112,"Drama, Mystery, Thriller",Alfred Hitchcock,"John Michael Hayes, Cornell Woolrich","James Stewart, Grace Kelly, Wendell Corey",A bored photographer recovering from a broken leg passes the time by watching his neighbors and begins to suspect one of them of murder.,English,United States,Nominated for 4 Oscars. 7 wins & 14 nominations total,"[{'Source': 'Internet Movie Database', 'Value': '8.5/10'}, {'Source': 'Rotten Tomatoes', 'Value': '99%'}, {'Source': 'Metacritic', 'Value': '100/100'}]",100.0,8.5,"568,382",tt0047396,movie,"$37,622,343"
North by Northwest,1959,Approved,18 Dec 1959,136,"Adventure, Drama, Mystery",Alfred Hitchcock,Ernest Lehman,"Cary Grant, Eva Marie Saint, James Mason","A New York City advertising executive goes on the run after being mistaken for a government agent by a group of foreign spies, and falls for a woman whose loyalties he begins to doubt.","English, French",United States,Nominated for 3 Oscars. 9 wins & 7 nominations total,"[{'Source': 'Internet Movie Database', 'Value': '8.3/10'}, {'Source': 'Rotten Tomatoes', 'Value': '97%'}, {'Source': 'Metacritic', 'Value': '98/100'}]",98.0,8.3,"369,321",tt0053125,movie,"$66,728"
Dial M for Murder,1954,PG,29 May 1954,105,"Crime, Drama, Mystery",Alfred Hitchcock,Frederick Knott,"Ray Milland, Grace Kelly, Robert Cummings","A London playboy plots the perfect murder of his rich, unfaithful wife.",English,United States,Nominated for 1 BAFTA Award. 5 wins & 3 nominations total,"[{'Source': 'Internet Movie Database', 'Value': '8.1/10'}, {'Source': 'Rotten Tomatoes', 'Value': '90%'}, {'Source': 'Metacritic', 'Value': '75/100'}]",75.0,8.1,"204,423",tt0046912,movie,"$24,845"
Citizen Kane,1941,PG,05 Sep 1941,119,"Drama, Mystery",Orson Welles,"Herman J. Mankiewicz, Orson Welles, Roger Q. Denny","Orson Welles, Joseph Cotten, Dorothy Comingore","Following the death of publishing tycoon Charles Foster Kane, reporters scramble to uncover the meaning of his final utterance: 'Rosebud.'","English, Italian",United States,Won 1 Oscar. 16 wins & 13 nominations total,"[{'Source': 'Internet Movie Database', 'Value': '8.2/10'}, {'Source': 'Rotten Tomatoes', 'Value': '99%'}, {'Source': 'Metacritic', 'Value': '100/100'}]",100.0,8.2,"491,492",tt0033467,movie,"$1,627,530"
Casablanca,1943,PG,23 Jan 1943,102,"Drama, Romance, War",Michael Curtiz,"Philip G. Epstein, Julius J. Epstein, Howard Koch","Humphrey Bogart, Ingrid Bergman, Paul Henreid",A cynical expatriate American cafe owner struggles to decide whether or not to help his former lover and her fugitive husband escape the Nazis in French Morocco.,"English, French, German, Italian, Russian",United States,Won 3 Oscars. 18 wins & 12 nominations total,"[{'Source': 'Internet Movie Database', 'Value': '8.5/10'}, {'Source': 'Rotten Tomatoes', 'Value': '99%'}, {'Source': 'Metacritic', 'Value': '100/100'}]",100.0,8.5,"656,718",tt0034583,movie,"$4,219,709"
12 Angry Men,1957,Approved,10 Apr 1957,96,"Crime, Drama",Sidney Lumet,Reginald Rose,"Henry Fonda, Lee J. Cobb, Martin Balsam",The jury in a New York City murder trial is frustrated by a single member whose skeptical caution forces them to more carefully consider the evidence before jumping to a hasty verdict.,English,United States,Nominated for 3 Oscars. 16 wins & 12 nominations total,"[{'Source': 'Internet Movie Database', 'Value': '9.0/10'}, {'Source': 'Rotten Tomatoes', 'Value': '100%'}, {'Source': 'Metacritic', 'Value': '97/100'}]",97.0,9.0,"981,488",tt0050083,movie,
One Flew Over the Cuckoo's Nest,1975,R,21 Nov 1975,133,Drama,Miloš Forman,"Lawrence Hauben, Bo Goldman, Ken Kesey","Jack Nicholson, Louise Fletcher, Michael Berryman","A rebellious convict is sent to a psychiatric hospital for evaluation in 1963 Oregon, and encourages his docile companions to take more control of their lives and defy the tyrannical head nurse.",English,United States,Won 5 Oscars. 38 wins & 15 nominations total,"[{'Source': 'Internet Movie Database', 'Value': '8.6/10'}, {'Source': 'Rotten Tomatoes', 'Value': '92%'}, {'Source': 'Metacritic', 'Value': '84/100'}]",84.0,8.6,"1,155,304",tt0073486,movie,"$108,981,275"
The Godfather Part III,1990,R,25 Dec 1990,162,"Crime, Drama",Francis Ford Coppola,"Mario Puzo, Francis Ford Coppola","Al Pacino, Diane Keaton, Andy Garcia","Follows Michael Corleone, now in his 60s, as he seeks to free his family from crime and find a suitable successor to his empire.","English, Italian, German, Latin, Persian",United States,Nominated for 7 Oscars. 6 wins & 23 nominations total,"[{'Source': 'Internet Movie Database', 'Value': '7.5/10'}, {'Source': 'Rotten Tomatoes', 'Value': '67%'}, {'Source': 'Metacritic', 'Value': '60/100'}]",60.0,7.5,"454,746",tt0099674,movie,"$66,761,392"
A Beautiful Mind,2002,PG-13,04 Jan 2002,135,"Biography, Drama, Mystery",Ron Howard,"Akiva Goldsman, Sylvia Nasar","Russell Crowe, Ed Harris, Jennifer Connelly","A mathematical genius, John Nash made an astonishing discovery early in his career and stood on the brink of international acclaim. But Nash soon found himself on a harrowing journey of self-discovery.",English,United States,Won 4 Oscars. 37 wins & 69 nominations total,"[{'Source': 'Internet Movie Database', 'Value': '8.2/10'}, {'Source': 'Rotten Tomatoes', 'Value': '74%'}, {'Source': 'Metacritic', 'Value': '72/100'}]",72.0,8.2,"1,052,138",tt0268978,movie,"$170,742,341"
Good Will Hunting,1998,R,09 Jan 1998,126,"Drama, Romance",Gus Van Sant,"Matt Damon, Ben Affleck","Robin Williams, Matt Damon, Ben Affleck","A therapist counsels Will Hunting, a janitor with a genius IQ.",English,United States,Won 2 Oscars. 25 wins & 61 nominations total,"[{'Source': 'Internet Movie Database', 'Value': '8.4/10'}, {'Source': 'Rotten Tomatoes', 'Value': '97%'}, {'Source': 'Metacritic', 'Value': '71/100'}]",71.0,8.4,"1,213,877",tt0119217,movie,"$138,433,435"
Dead Poets Society,1989,PG,09 Jun 1989,128,"Comedy, Drama",Peter Weir,Tom Schulman,"Robin Williams, Robert Sean Leonard, Ethan Hawke","Maverick teacher John Keating returns in 1959 to the prestigious New England boys' boarding school where he was once a star student, using poetry to embolden his pupils to new heights of self-expression.","English, Latin, French",United States,Won 1 Oscar. 20 wins & 19 nominations total,"[{'Source': 'Internet Movie Database', 'Value': '8.1/10'}, {'Source': 'Rotten Tomatoes', 'Value': '85%'}, {'Source': 'Metacritic', 'Value': '79/100'}]",79.0,8.1,"643,802",tt0097165,movie,"$95,860,116"
The Pursuit of Happyness,2006,PG-13,15 Dec 2006,117,"Biography, Drama",Gabriele Muccino,Steve Conrad,"Will Smith, Thandiwe Newton, Jaden Smith",A struggling salesman takes custody of his son as he's poised to begin a life-changing professional career.,"English, Cantonese",United States,Nominated for 1 Oscar. 12 wins & 26 nominations total,"[{'Source': 'Internet Movie Database', 'Value': '8.0/10'}, {'Source': 'Rotten Tomatoes', 'Value': '67%'}, {'Source': 'Metacritic', 'Value': '64/100'}]",64.0,8.0,"614,482",tt0454921,movie,"$163,566,459"
The Curious Case of Benjamin Button,2008,PG-13,25 Dec 2008,166,"Drama, Fantasy, Romance",David Fincher,"Eric Roth, Robin Swicord, F. Scott Fitzgerald","Brad Pitt, Cate Blanchett, Tilda Swinton","Benjamin Button, born in 1918 with the physical state of an elderly man, ages in reverse. He experiences love and break-ups, ecstasy and sorrow, and timelessness by the time he dies in 2003 as a baby.","English, Russian, French",United States,Won 3 Oscars. 85 wins & 160 nominations total,"[{'Source': 'Internet Movie Database', 'Value': '7.8/10'}, {'Source': 'Rotten Tomatoes', 'Value': '72%'}, {'Source': 'Metacritic', 'Value': '70/100'}]",70.0,7.8,"740,633",tt0421715,movie,"$127,509,326"
The Theory of Everything,2014,PG-13,26 Nov 2014,123,"Biography, Drama, Romance",James Marsh,"Anthony McCarten, Jane Hawking","Eddie Redmayne, Felicity Jones, Tom Prior",Stephen Hawking gets unprecedented success in the field of physics despite being diagnosed with motor neuron disease at the age of 21. He defeats awful odds as his first wife Jane aids him loyally.,"English, French, Ukrainian","United Kingdom, Japan, United States",Won 1 Oscar. 25 wins & 128 nominations total,"[{'Source': 'Internet Movie Database', 'Value': '7.7/10'}, {'Source': 'Rotten Tomatoes', 'Value': '81%'}, {'Source': 'Metacritic', 'Value': '71/100'}]",71.0,7.7,"505,970",tt2980516,movie,"$35,893,537"
The Imitation Game,2014,PG-13,25 Dec 2014,114,"Biography, Drama, Thriller",Morten Tyldum,"Graham Moore, Andrew Hodges","Benedict Cumberbatch, Keira Knightley, Matthew Goode","During World War II, the English mathematical genius Alan Turing tries to crack the German Enigma code with help from fellow mathematicians while attempting to come to terms with his troubled private life.","English, German",United States,Won 1 Oscar. 49 wins & 167 nominations total,"[{'Source': 'Internet Movie Database', 'Value': '8.0/10'}, {'Source': 'Rotten Tomatoes', 'Value': '90%'}, {'Source': 'Metacritic', 'Value': '71/100'}]",71.0,8.0,"872,710",tt2084970,movie,"$91,125,683"
Schindler's List,1994,R,04 Feb 1994,195,"Biography, Drama, History",Steven Spielberg,"Thomas Keneally, Steven Zaillian","Liam Neeson, Ralph Fiennes, Ben Kingsley","In German-occupied Poland during World War II, industrialist Oskar Schindler gradually becomes concerned for his Jewish workforce after witnessing their persecution by the Nazis.","English, Hebrew, German, Polish, Latin",United States,Won 7 Oscars. 91 wins & 49 nominations total,"[{'Source': 'Internet Movie Database', 'Value': '9.0/10'}, {'Source': 'Rotten Tomatoes', 'Value': '98%'}, {'Source': 'Metacritic', 'Value': '95/100'}]",95.0,9.0,"1,582,378",tt0108052,movie,"$96,898,818"
The Boy in the Striped Pajamas,2008,PG-13,26 Nov 2008,94,"Drama, War",Mark Herman,"John Boyne, Mark Herman","Asa Butterfield, David Thewlis, Rupert Friend","Through the innocent eyes of Bruno, the eight-year-old son of the commandant at a German concentration camp, a forbidden friendship with a Jewish boy on the other side of the camp fence has startling and unexpected consequences.",English,"United Kingdom, United States",7 wins & 7 nominations total,"[{'Source': 'Internet Movie Database', 'Value': '7.7/10'}, {'Source': 'Rotten Tomatoes', 'Value': '65%'}, {'Source': 'Metacritic', 'Value': '55/100'}]",55.0,7.7,"271,521",tt0914798,movie,"$9,046,156"
Life Is Beautiful,1997,PG-13,20 Dec 1997,116,"Comedy, Drama, Romance",Roberto Benigni,"Vincenzo Cerami, Roberto Benigni","Roberto Benigni, Nicoletta Braschi, Giorgio Cantarini","When an open-minded Jewish waiter and his son become victims of the Holocaust, he uses a perfect mixture of will, humor and imagination to protect his son from the dangers around their camp.","Italian, German, English",Italy,Won 3 Oscars. 72 wins & 52 nominations total,"[{'Source': 'Internet Movie Database', 'Value': '8.6/10'}, {'Source': 'Rotten Tomatoes', 'Value': '80%'}, {'Source': 'Metacritic', 'Value': '58/100'}]",58.0,8.6,"811,130",tt0118799,movie,"$57,563,264"
The Lives of Others,2006,R,30 Mar 2007,137,"Drama, Mystery, Thriller",Florian Henckel von Donnersmarck,Florian Henckel von Donnersmarck,"Ulrich Mühe, Martina Gedeck, Sebastian Koch","In 1984 East Berlin, an agent of the secret police conducting surveillance on a writer and his lover finds himself becoming increasingly absorbed by their lives.",German,"Germany, France",Won 1 Oscar. 80 wins & 38 nominations total,"[{'Source': 'Internet Movie Database', 'Value': '8.4/10'}, {'Source': 'Rotten Tomatoes', 'Value': '92%'}, {'Source': 'Metacritic', 'Value': '89/100'}]",89.0,8.4,"440,932",tt0405094,movie,"$11,286,112"
Amélie,2002,R,08 Feb 2002,122,"Comedy, Romance",Jean-Pierre Jeunet,"Guillaume Laurant, Jean-Pierre Jeunet","Audrey Tautou, Mathieu Kassovitz, Rufus","Despite being caught in her imaginative world, young waitress Amelie decides to help people find happiness. Her quest to spread joy leads her on a journey during which she finds true love.","French, Russian, English","France, Germany",Nominated for 5 Oscars. 60 wins & 74 nominations total,"[{'Source': 'Internet Movie Database', 'Value': '8.3/10'}, {'Source': 'Rotten Tomatoes', 'Value': '90%'}, {'Source': 'Metacritic', 'Value': '70/100'}]",70.0,8.3,"839,094",tt0211915,movie,"$33,712,444"
Cinema Paradiso,1990,PG,23 Feb 1990,174,"Drama, Romance",Giuseppe Tornatore,"Giuseppe Tornatore, Vanna Paoli","Philippe Noiret, Enzo Cannavale, Antonella Attili","Salvatore, a famous film director, returns to his hometown for the funeral of the local theater's film projectionist, Alfredo. He reminisces about his life as a young boy falling in love with cinema.",Italian,"Italy, France",Won 1 Oscar. 25 wins & 33 nominations total,"[{'Source': 'Internet Movie Database', 'Value': '8.5/10'}, {'Source': 'Rotten Tomatoes', 'Value': '90%'}, {'Source': 'Metacritic', 'Value': '80/100'}]",80.0,8.5,"316,943",tt0095765,movie,"$12,397,210"
La La Land,2016,PG-13,25 Dec 2016,128,"Comedy, Drama, Music",Damien Chazelle,Damien Chazelle,"Ryan Gosling, Emma Stone, Rosemarie DeWitt","When Sebastian, a pianist, and Mia, an actress, follow their passion and achieve success in their respective fields, they find themselves torn between their love for each other and their careers.","English, Cantonese","United States, Hong Kong",Won 6 Oscars. 246 wins & 313 nominations total,"[{'Source': 'Internet Movie Database', 'Value': '8.0/10'}, {'Source': 'Rotten Tomatoes', 'Value': '91%'}, {'Source': 'Metacritic', 'Value': '94/100'}]",94.0,8.0,"759,966",tt3783958,movie,"$151,101,803"
Argo,2012,R,12 Oct 2012,120,"Biography, Drama, History",Ben Affleck,"Chris Terrio, Tony Mendez, Joshuah Bearman","Ben Affleck, Bryan Cranston, John Goodman","Acting under the cover of a Hollywood producer scouting a location for a science fiction film, a CIA agent launches a dangerous operation to rescue six Americans in Tehran during the U.S. hostage crisis in Iran in 1979.","English, Persian, German, Arabic","United Kingdom, United States",Won 3 Oscars. 96 wins & 156 nominations total,"[{'Source': 'Internet Movie Database', 'Value': '7.7/10'}, {'Source': 'Rotten Tomatoes', 'Value': '96%'}, {'Source': 'Metacritic', 'Value': '86/100'}]",86.0,7.7,"665,933",tt1024648,movie,"$136,025,503"
Spotlight,2015,R,20 Nov 2015,129,"Biography, Crime, Drama",Tom McCarthy,"Josh Singer, Tom McCarthy","Mark Ruffalo, Michael Keaton, Rachel McAdams","The true story of how the Boston Globe uncovered the massive scandal of child molestation and cover-up within the local Catholic Archdiocese, shaking the entire Catholic Church to its core.",English,United States,Won 2 Oscars. 124 wins & 145 nominations total,"[{'Source': 'Internet Movie Database', 'Value': '8.1/10'}, {'Source': 'Rotten Tomatoes', 'Value': '97%'}, {'Source': 'Metacritic', 'Value': '93/100'}]",93.0,8.1,"529,406",tt1895587,movie,"$45,055,776"
The Revenant,2016,R,08 Jan 2016,156,"Action, Drama, Western",Alejandro G. Iñárritu,"Mark L. Smith, Alejandro G. Iñárritu, Michael Punke","Leonardo DiCaprio, Tom Hardy, Will Poulter",A frontiersman on a fur trading expedition in the 1820s fights for survival after being mauled by a bear and left for dead by members of his own hunting team.,"English, Pawnee, French","United States, Hong Kong, Taiwan, Argentina",Won 3 Oscars. 94 wins & 193 nominations total,"[{'Source': 'Internet Movie Database', 'Value': '8.0/10'}, {'Source': 'Rotten Tomatoes', 'Value': '78%'}, {'Source': 'Metacritic', 'Value': '76/100'}]",76.0,8.0,"947,792",tt1663202,movie,"$184,247,394"
Ford v Ferrari,2019,PG-13,15 Nov 2019,152,"Action, Biography, Drama",James Mangold,"Jez Butterworth, John-Henry Butterworth, Jason Keller","Matt Damon, Christian Bale, Jon Bernthal",American car designer Carroll Shelby and driver Ken Miles battle corporate interference and the laws of physics to build a revolutionary race car for Ford in order to defeat Ferrari at the 24 Hours of Le Mans in 1966.,"English, Italian, French, Japanese",United States,Won 2 Oscars. 26 wins & 86 nominations total,"[{'Source': 'Internet Movie Database', 'Value': '8.1/10'}, {'Source': 'Rotten Tomatoes', 'Value': '92%'}, {'Source': 'Metacritic', 'Value': '81/100'}]",81.0,8.1,"553,839",tt1950186,movie,"$117,624,357"
Moneyball,2011,PG-13,23 Sep 2011,133,"Biography, Drama, Sport",Bennett Miller,"Steven Zaillian, Aaron Sorkin, Stan Chervin","Brad Pitt, Robin Wright, Jonah Hill",Oakland A's general manager Billy Beane's successful attempt to assemble a baseball team on a lean budget by employing computer-generated analysis to acquire new players.,English,United States,Nominated for 6 Oscars. 29 wins & 82 nominations total,"[{'Source': 'Internet Movie Database', 'Value': '7.6/10'}, {'Source': 'Rotten Tomatoes', 'Value': '94%'}, {'Source': 'Metacritic', 'Value': '87/100'}]",87.0,7.6,"504,163",tt1210166,movie,"$75,605,492"
The Big Short,2015,R,23 Dec 2015,130,"Biography, Comedy, Drama",Adam McKay,"Charles Randolph, Adam McKay, Michael Lewis","Christian Bale, Steve Carell, Ryan Gosling","In 2006-2007 a group of investors bet against the United States mortgage market. In their research, they discover how flawed and corrupt the market is.",English,United States,Won 1 Oscar. 37 wins & 81 nominations total,"[{'Source': 'Internet Movie Database', 'Value': '7.8/10'}, {'Source': 'Rotten Tomatoes', 'Value': '89%'}, {'Source': 'Metacritic', 'Value': '81/100'}]",81.0,7.8,"532,875",tt1596363,movie,"$70,259,870"
The Founder,2016,PG-13,20 Jan 2017,115,"Biography, Drama",John Lee Hancock,Robert Siegel,"Michael Keaton, Nick Offerman, John Carroll Lynch","The story of Ray Kroc, a salesman who turned two brothers' innovative fast food eatery, McDonald's, into the biggest restaurant business in the world, with a combination of ambition, persistence, and ruthlessness.","English, Yiddish",United States,1 win & 5 nominations total,"[{'Source': 'Internet Movie Database', 'Value': '7.2/10'}, {'Source': 'Rotten Tomatoes', 'Value': '80%'}, {'Source': 'Metacritic', 'Value': '66/100'}]",66.0,7.2,"202,700",tt4276820,movie,"$12,786,053"
Steve Jobs,2015,R,23 Oct 2015,122,"Biography, Drama",Danny Boyle,"Aaron Sorkin, Walter Isaacson","Michael Fassbender, Kate Winslet, Seth Rogen","Steve Jobs takes us behind the scenes of the digital revolution, to paint a portrait of the man at its epicenter. The story unfolds backstage at three iconic product launches, ending in 1998 with the unveiling of the iMac.","English, Ukrainian","United Kingdom, Japan, United States",Nominated for 2 Oscars. 28 wins & 117 nominations total,"[{'Source': 'Internet Movie Database', 'Value': '7.2/10'}, {'Source': 'Rotten Tomatoes', 'Value': '85%'}, {'Source': 'Metacritic', 'Value': '82/100'}]",82.0,7.2,"187,904",tt2080374,movie,"$17,766,658"
Catch Me If You Can,2002,PG-13,25 Dec 2002,141,"Biography, Crime, Drama",Steven Spielberg,"Frank Abagnale Jr., Stan Redding, Jeff Nathanson","Leonardo DiCaprio, Tom Hanks, Christopher Walken","Barely 17 yet, Frank is a skilled forger who has passed as a doctor, lawyer and pilot. FBI agent Carl becomes obsessed with tracking down the con man, who only revels in the pursuit.","English, French","United States, Canada",Nominated for 2 Oscars. 16 wins & 46 nominations total,"[{'Source': 'Internet Movie Database', 'Value': '8.1/10'}, {'Source': 'Rotten Tomatoes', 'Value': '96%'}, {'Source': 'Metacritic', 'Value': '75/100'}]",75.0,8.1,"1,233,450",tt0264464,movie,"$164,615,351"
The Terminal,2004,PG-13,18 Jun 2004,128,"Comedy, Drama, Romance",Steven Spielberg,"Andrew Niccol, Sacha Gervasi, Jeff Nathanson","Tom Hanks, Catherine Zeta-Jones, Chi McBride",An Eastern European tourist unexpectedly finds himself stranded at JFK airport and must take up temporary residence there.,"English, Bulgarian, Spanish, Russian, Mandarin, German, French",United States,7 wins & 8 nominations total,"[{'Source': 'Internet Movie Database', 'Value': '7.4/10'}, {'Source': 'Rotten Tomatoes', 'Value': '61%'}, {'Source': 'Metacritic', 'Value': '55/100'}]",55.0,7.4,"531,834",tt0362227,movie,"$77,872,883"
Minority Report,2002,PG-13,21 Jun 2002,145,"Action, Crime, Mystery",Steven Spielberg,"Scott Frank, Jon Cohen, Philip K. Dick","Tom Cruise, Colin Farrell, Samantha Morton","John works with the PreCrime police which stop crimes before they take place, with the help of three 'PreCogs' who can foresee crimes. Events ensue when John finds himself framed for a future murder.","English, Swedish",United States,Nominated for 1 Oscar. 20 wins & 91 nominations total,"[{'Source': 'Internet Movie Database', 'Value': '7.6/10'}, {'Source': 'Rotten Tomatoes', 'Value': '89%'}, {'Source': 'Metacritic', 'Value': '80/100'}]",80.0,7.6,"617,708",tt0181689,movie,"$132,072,926"
War of the Worlds,2005,PG-13,29 Jun 2005,117,"Action, Adventure, Sci-Fi",Steven Spielberg,"Josh Friedman, David Koepp, H.G. Wells","Tom Cruise, Dakota Fanning, Tim Robbins",An alien invasion threatens the future of humanity. The catastrophic nightmare is depicted through the eyes of one American family fighting for survival.,English,United States,Nominated for 3 Oscars. 16 wins & 49 nominations total,"[{'Source': 'Internet Movie Database', 'Value': '6.6/10'}, {'Source': 'Rotten Tomatoes', 'Value': '76%'}, {'Source': 'Metacritic', 'Value': '73/100'}]",73.0,6.6,"502,091",tt0407304,movie,"$234,280,354"
Jaws,1975,PG,20 Jun 1975,124,"Adventure, Horror, Thriller",Steven Spielberg,"Peter Benchley, Carl Gottlieb","Roy Scheider, Robert Shaw, Richard Dreyfuss","When a massive killer shark unleashes chaos on a beach community off Long Island, it's up to the local police chief, a marine biologist, and an old seafarer to hunt the beast down.",English,United States,Won 3 Oscars. 16 wins & 21 nominations total,"[{'Source': 'Internet Movie Database', 'Value': '8.1/10'}, {'Source': 'Rotten Tomatoes', 'Value': '97%'}, {'Source': 'Metacritic', 'Value': '87/100'}]",87.0,8.1,"731,140",tt0073195,movie,"$280,083,300"
Jurassic Park,1993,PG-13,11 Jun 1993,127,"Action, Adventure, Sci-Fi",Steven Spielberg,"Michael Crichton, David Koepp","Sam Neill, Laura Dern, Jeff Goldblum","An industrialist invites some experts to visit his theme park of cloned dinosaurs. After a power failure, the creatures run loose, putting everyone's lives, including his grandchildren's, in danger.","English, Spanish",United States,Won 3 Oscars. 44 wins & 27 nominations total,"[{'Source': 'Internet Movie Database', 'Value': '8.2/10'}, {'Source': 'Rotten Tomatoes', 'Value': '91%'}, {'Source': 'Metacritic', 'Value': '68/100'}]",68.0,8.2,"1,167,043",tt0107290,movie,"$407,185,075"
The Lost World: Jurassic Park,1997,PG-13,22 May 1997,129,"Action, Adventure, Sci-Fi",Steven Spielberg,"Michael Crichton, David Koepp","Jeff Goldblum, Julianne Moore, Pete Postlethwaite","A research team is sent to the Jurassic Park Site B island to study the dinosaurs there, while an InGen team approaches with another agenda.","English, Spanish",United States,Nominated for 1 Oscar. 4 wins & 28 nominations total,"[{'Source': 'Internet Movie Database', 'Value': '6.6/10'}, {'Source': 'Rotten Tomatoes', 'Value': '57%'}, {'Source': 'Metacritic', 'Value': '59/100'}]",59.0,6.6,"473,902",tt0119567,movie,"$229,086,679"
E.T. the Extra-Terrestrial,1982,PG,11 Jun 1982,115,"Adventure, Family, Sci-Fi",Steven Spielberg,Melissa Mathison,"Henry Thomas, Drew Barrymore, Peter Coyote",A troubled child summons the courage to help a friendly alien escape from Earth and return to his home planet.,English,United States,Won 4 Oscars. 52 wins & 39 nominations total,"[{'Source': 'Internet Movie Database', 'Value': '7.9/10'}, {'Source': 'Rotten Tomatoes', 'Value': '99%'}, {'Source': 'Metacritic', 'Value': '92/100'}]",92.0,7.9,"468,998",tt0083866,movie,"$439,454,989"
Indiana Jones and the Last Crusade,1989,PG-13,24 May 1989,127,"Action, Adventure",Steven Spielberg,"Jeffrey Boam, George Lucas, Menno Meyjes","Harrison Ford, Sean Connery, Alison Doody","In 1938, after his father goes missing while pursuing the Holy Grail, Indiana Jones finds himself up against the Nazis again to stop them from obtaining its powers.","English, German, Greek, Latin, Italian","United States, United Kingdom, Spain, Italy, Jordan",Won 1 Oscar. 9 wins & 24 nominations total,"[{'Source': 'Internet Movie Database', 'Value': '8.2/10'}, {'Source': 'Rotten Tomatoes', 'Value': '84%'}, {'Source': 'Metacritic', 'Value': '65/100'}]",65.0,8.2,"858,909",tt0097576,movie,"$197,171,806"
The Fabelmans,2022,PG-13,23 Nov 2022,151,Drama,Steven Spielberg,"Steven Spielberg, Tony Kushner","Michelle Williams, Gabriel LaBelle, Paul Dano","Growing up in post-World War II era Arizona, young Sammy Fabelman aspires to become a filmmaker as he reaches adolescence, but soon discovers a shattering family secret and explores how the power of films can help him see the truth.","English, Hebrew","United States, India",Nominated for 7 Oscars. 32 wins & 298 nominations total,"[{'Source': 'Internet Movie Database', 'Value': '7.5/10'}, {'Source': 'Rotten Tomatoes', 'Value': '92%'}, {'Source': 'Metacritic', 'Value': '85/100'}]",85.0,7.5,"134,468",tt14208870,movie,"$17,348,945"
West Side Story,1961,Approved,23 Dec 1961,153,"Crime, Drama, Musical","Jerome Robbins, Robert Wise","Ernest Lehman, Arthur Laurents, Jerome Robbins","Natalie Wood, George Chakiris, Richard Beymer","Two youngsters from rival New York City gangs fall in love, but tensions between their respective friends build toward tragedy.","English, Spanish",United States,Won 10 Oscars. 31 wins & 11 nominations total,"[{'Source': 'Internet Movie Database', 'Value': '7.6/10'}, {'Source': 'Rotten Tomatoes', 'Value': '92%'}, {'Source': 'Metacritic', 'Value': '86/100'}]",86.0,7.6,"125,470",tt0055614,movie,"$44,055,492"
A.I. Artificial Intelligence,2001,PG-13,29 Jun 2001,146,"Adventure, Drama, Sci-Fi",Steven Spielberg,"Brian Aldiss, Ian Watson, Steven Spielberg","Haley Joel Osment, Jude Law, Frances O'Connor","A highly advanced robotic boy longs to become ""real"" so that he can regain the love of his human mother.",English,United States,Nominated for 2 Oscars. 18 wins & 71 nominations total,"[{'Source': 'Internet Movie Database', 'Value': '7.2/10'}, {'Source': 'Rotten Tomatoes', 'Value': '76%'}, {'Source': 'Metacritic', 'Value': '65/100'}]",65.0,7.2,"337,075",tt0212720,movie,"$78,616,689"
Ready Player One,2018,PG-13,29 Mar 2018,140,"Action, Adventure, Sci-Fi",Steven Spielberg,"Zak Penn, Ernest Cline","Tye Sheridan, Olivia Cooke, Ben Mendelsohn","When the creator of a virtual reality called the OASIS dies, he makes a posthumous challenge to all OASIS users to find his Easter Egg, which will give the finder his fortune and control of his world.","English, Japanese","United States, India, Singapore, Canada, United Kingdom, Japan, Australia",Nominated for 1 Oscar. 11 wins & 58 nominations total,"[{'Source': 'Internet Movie Database', 'Value': '7.4/10'}, {'Source': 'Rotten Tomatoes', 'Value': '71%'}, {'Source': 'Metacritic', 'Value': '64/100'}]",64.0,7.4,"540,503",tt1677720,movie,"$137,715,350"
The Martian,2015,PG-13,02 Oct 2015,144,"Adventure, Drama, Sci-Fi",Ridley Scott,"Drew Goddard, Andy Weir","Matt Damon, Jessica Chastain, Kristen Wiig","An astronaut becomes stranded on Mars after his team assumes him dead, and must rely on his ingenuity to find a way to signal to Earth that he is alive and can survive until a potential rescue.","English, Mandarin","United States, United Kingdom, Hungary, Jordan",Nominated for 7 Oscars. 40 wins & 199 nominations total,"[{'Source': 'Internet Movie Database', 'Value': '8.0/10'}, {'Source': 'Rotten Tomatoes', 'Value': '91%'}, {'Source': 'Metacritic', 'Value': '80/100'}]",80.0,8.0,"999,128",tt3659388,movie,"$228,433,663"
Black Hawk Down,2002,R,18 Jan 2002,144,"Action, Drama, History",Ridley Scott,"Mark Bowden, Ken Nolan","Josh Hartnett, Ewan McGregor, Tom Sizemore","The story of one hundred and sixty elite U.S. soldiers who dropped into Mogadishu in October 1993 to capture two top lieutenants of a renegade warlord, but found themselves in a desperate battle with a large force of heavily armed...","English, Arabic, Somali","United States, United Kingdom",Won 2 Oscars. 11 wins & 37 nominations total,"[{'Source': 'Internet Movie Database', 'Value': '7.7/10'}, {'Source': 'Rotten Tomatoes', 'Value': '77%'}, {'Source': 'Metacritic', 'Value': '74/100'}]",74.0,7.7,"454,170",tt0265086,movie,"$108,638,745"
Prometheus,2012,R,08 Jun 2012,124,"Adventure, Sci-Fi",Ridley Scott,"Jon Spaihts, Damon Lindelof, Dan O'Bannon","Noomi Rapace, Logan Marshall-Green, Michael Fassbender","Following clues to the origin of mankind, a team finds a structure on a distant moon, but they soon realize they are not alone.","English, Gaelic","United Kingdom, United States",Nominated for 1 Oscar. 6 wins & 47 nominations total,"[{'Source': 'Internet Movie Database', 'Value': '7.0/10'}, {'Source': 'Rotten Tomatoes', 'Value': '73%'}, {'Source': 'Metacritic', 'Value': '64/100'}]",64.0,7.0,"691,831",tt1446714,movie,"$126,477,084"
Gravity,2013,PG-13,04 Oct 2013,91,"Drama, Sci-Fi, Thriller",Alfonso Cuarón,"Alfonso Cuarón, Jonás Cuarón","Sandra Bullock, George Clooney, Ed Harris","Dr Ryan Stone, an engineer on her first space mission, and Matt Kowalski, an astronaut on his final expedition, have to survive in space after they are hit by debris while spacewalking.","English, Greenlandic","United Kingdom, United States",Won 7 Oscars. 240 wins & 188 nominations total,"[{'Source': 'Internet Movie Database', 'Value': '7.7/10'}, {'Source': 'Rotten Tomatoes', 'Value': '96%'}, {'Source': 'Metacritic', 'Value': '96/100'}]",96.0,7.7,"895,643",tt1454468,movie,"$274,092,705"
Children of Men,2006,R,05 Jan 2007,109,"Drama, Sci-Fi, Thriller",Alfonso Cuarón,"Alfonso Cuarón, Timothy J. Sexton, David Arata","Juan Gabriel Yacuzzi, Mishal Husain, Rob Curling","In 2027, in a chaotic world in which women have somehow become infertile, a former activist agrees to help transport a miraculously pregnant woman to a sanctuary at sea.","English, German, Italian, Romanian, Spanish, Arabic, Georgian, Hebrew, Sanskrit, Russian, Serbian","United States, United Kingdom, Japan",Nominated for 3 Oscars. 49 wins & 89 nominations total,"[{'Source': 'Internet Movie Database', 'Value': '7.9/10'}, {'Source': 'Rotten Tomatoes', 'Value': '92%'}, {'Source': 'Metacritic', 'Value': '84/100'}]",84.0,7.9,"557,669",tt0206634,movie,"$35,552,383"
The Road,2009,R,25 Nov 2009,111,"Drama, Thriller",John Hillcoat,"Joe Penhall, Cormac McCarthy","Viggo Mortensen, Charlize Theron, Kodi Smit-McPhee","In a dangerous post-apocalyptic world, an ailing father defends his son as they slowly travel to the sea.",English,United States,Nominated for 1 BAFTA Award5 wins & 34 nominations total,"[{'Source': 'Internet Movie Database', 'Value': '7.2/10'}, {'Source': 'Rotten Tomatoes', 'Value': '74%'}, {'Source': 'Metacritic', 'Value': '64/100'}]",64.0,7.2,"267,805",tt0898367,movie,"$8,117,000"
12 Years a Slave,2013,R,08 Nov 2013,134,"Biography, Drama, History",Steve McQueen,"John Ridley, Solomon Northup","Chiwetel Ejiofor, Michael Kenneth Williams, Michael Fassbender","In the antebellum United States, Solomon Northup, a free black man from upstate New York, is abducted and sold into slavery.",English,"United Kingdom, United States",Won 3 Oscars. 244 wins & 338 nominations total,"[{'Source': 'Internet Movie Database', 'Value': '8.1/10'}, {'Source': 'Rotten Tomatoes', 'Value': '95%'}, {'Source': 'Metacritic', 'Value': '96/100'}]",96.0,8.1,"785,552",tt2024544,movie,"$56,671,993"
Moonlight,2016,R,18 Nov 2016,111,Drama,Barry Jenkins,"Barry Jenkins, Tarell Alvin McCraney","Mahershala Ali, Naomie Harris, Trevante Rhodes","A young African-American man grapples with his identity and sexuality while experiencing the everyday struggles of childhood, adolescence, and burgeoning adulthood.",English,United States,Won 3 Oscars. 235 wins & 310 nominations total,"[{'Source': 'Internet Movie Database', 'Value': '7.4/10'}, {'Source': 'Rotten Tomatoes', 'Value': '98%'}, {'Source': 'Metacritic', 'Value': '99/100'}]",99.0,7.4,"349,429",tt4975722,movie,"$27,854,932"
Manchester by the Sea,2016,R,16 Dec 2016,137,Drama,Kenneth Lonergan,Kenneth Lonergan,"Casey Affleck, Michelle Williams, Kyle Chandler",A depressed uncle is asked to take care of his teenage nephew after the boy's father dies.,English,United States,Won 2 Oscars. 128 wins & 268 nominations total,"[{'Source': 'Internet Movie Database', 'Value': '7.8/10'}, {'Source': 'Rotten Tomatoes', 'Value': '96%'}, {'Source': 'Metacritic', 'Value': '96/100'}]",96.0,7.8,"352,390",tt4034228,movie,"$47,695,371"
Room,2015,R,22 Jan 2016,118,"Drama, Thriller",Lenny Abrahamson,Emma Donoghue,"Brie Larson, Jacob Tremblay, Sean Bridgers","A little boy is held captive in a room with his mother since his birth, so he has never known the world outside.",English,"Ireland, Canada, United Kingdom, United States",Won 1 Oscar. 108 wins & 143 nominations total,"[{'Source': 'Internet Movie Database', 'Value': '8.1/10'}, {'Source': 'Rotten Tomatoes', 'Value': '93%'}, {'Source': 'Metacritic', 'Value': '86/100'}]",86.0,8.1,"477,769",tt3170832,movie,"$14,677,654"
The Florida Project,2017,R,10 Nov 2017,111,Drama,Sean Baker,"Sean Baker, Chris Bergoch","Brooklynn Prince, Bria Vinaite, Willem Dafoe",A single mother and the manager of a roadside motel do their utmost to maintain the innocence of a six-year-old girl's life.,"English, Spanish, Portuguese",United States,Nominated for 1 Oscar. 68 wins & 134 nominations total,"[{'Source': 'Internet Movie Database', 'Value': '7.6/10'}, {'Source': 'Rotten Tomatoes', 'Value': '96%'}, {'Source': 'Metacritic', 'Value': '92/100'}]",92.0,7.6,"141,797",tt5649144,movie,"$5,904,366"
The Father,2020,PG-13,26 Feb 2021,97,"Drama, Mystery",Florian Zeller,"Christopher Hampton, Florian Zeller","Anthony Hopkins, Olivia Colman, Mark Gatiss","A man refuses all assistance from his daughter as he ages. When he tries to understand what is happening around him, he begins to doubt his loved ones, his own mind and even the fabric of his reality.",English,"United Kingdom, France, United States",Won 2 Oscars. 39 wins & 171 nominations total,"[{'Source': 'Internet Movie Database', 'Value': '8.2/10'}, {'Source': 'Rotten Tomatoes', 'Value': '98%'}, {'Source': 'Metacritic', 'Value': '88/100'}]",88.0,8.2,"240,885",tt10272386,movie,"$2,122,771"
Aftersun,2022,R,18 Nov 2022,102,Drama,Charlotte Wells,Charlotte Wells,"Paul Mescal, Frankie Corio, Celia Rowlson-Hall",Sophie reflects on the shared joy and private melancholy of a holiday she took with her father twenty years earlier. Memories real and imagined fill the gaps between as she tries to reconcile the father she knew with the man she d...,"English, Turkish, Spanish","United Kingdom, United States, Turkey, Philippines, Netherlands",Nominated for 1 Oscar. 98 wins & 182 nominations total,"[{'Source': 'Internet Movie Database', 'Value': '7.6/10'}, {'Source': 'Rotten Tomatoes', 'Value': '95%'}, {'Source': 'Metacritic', 'Value': '95/100'}]",95.0,7.6,"127,815",tt19770238,movie,"$1,658,790"
Past Lives,2023,PG-13,23 Jun 2023,105,"Drama, Romance",Celine Song,Celine Song,"Greta Lee, Teo Yoo, John Magaro","Nora and Hae Sung, two deeply connected childhood friends, are wrested apart after Nora's family emigrates from South Korea. Twenty years later, they are reunited for one fateful week as they confront notions of love and destiny.","Korean, English, Mandarin, French","United States, South Korea",Nominated for 2 Oscars. 83 wins & 240 nominations total,"[{'Source': 'Internet Movie Database', 'Value': '7.8/10'}, {'Source': 'Rotten Tomatoes', 'Value': '95%'}, {'Source': 'Metacritic', 'Value': '94/100'}]",94.0,7.8,"171,844",tt13238346,movie,"$11,331,983"
Portrait of a Lady on Fire,2020,R,14 Feb 2020,122,"Drama, Romance",Céline Sciamma,Céline Sciamma,"Noémie Merlant, Adèle Haenel, Luàna Bajrami","On an isolated island in Brittany at the end of the eighteenth century, a female painter is obliged to paint a wedding portrait of a young woman.","French, Italian",France,Nominated for 1 BAFTA Award. 59 wins & 155 nominations total,"[{'Source': 'Internet Movie Database', 'Value': '8.0/10'}, {'Source': 'Rotten Tomatoes', 'Value': '98%'}, {'Source': 'Metacritic', 'Value': '95/100'}]",95.0,8.0,"126,866",tt8613070,movie,"$3,759,854"
Call Me by Your Name,2017,R,19 Jan 2018,132,"Drama, Romance",Luca Guadagnino,"James Ivory, André Aciman","Timothée Chalamet, Armie Hammer, Michael Stuhlbarg","In the summer of 1983, 17-year-old Elio is spending the days with his family at their villa in Lombardy, Italy. He soon meets 24-year-old Oliver, an intern working for Elio's father. They discover the heady beauty of awakening des...","English, Italian, French, German, Hebrew","Brazil, France, Italy, United States",Won 1 Oscar. 107 wins & 263 nominations total,"[{'Source': 'Internet Movie Database', 'Value': '7.8/10'}, {'Source': 'Rotten Tomatoes', 'Value': '95%'}, {'Source': 'Metacritic', 'Value': '94/100'}]",94.0,7.8,"351,228",tt5726616,movie,"$18,095,701"
The Worst Person in the World,2021,R,13 Oct 2021,128,"Comedy, Drama, Romance",Joachim Trier,"Eskil Vogt, Joachim Trier","Renate Reinsve, Anders Danielsen Lie, Herbert Nordrum","The chronicles of four years in the life of Julie, a young woman who navigates the troubled waters of her love life and struggles to find her career path, leading her to take a realistic look at who she really is.",Norwegian,"Norway, France, Sweden, Denmark",Nominated for 2 Oscars. 42 wins & 110 nominations total,"[{'Source': 'Internet Movie Database', 'Value': '7.7/10'}, {'Source': 'Rotten Tomatoes', 'Value': '96%'}, {'Source': 'Metacritic', 'Value': '91/100'}]",91.0,7.7,"126,525",tt10370710,movie,"$3,034,775"
Another Round,2020,Not Rated,18 Dec 2020,117,"Comedy, Drama",Thomas Vinterberg,"Thomas Vinterberg, Tobias Lindholm","Mads Mikkelsen, Thomas Bo Larsen, Magnus Millang",Four high-school teachers consume alcohol on a daily basis to see how it affects their social and professional lives.,"Danish, Swedish, French, English, Russian","Denmark, Sweden, Netherlands, Belgium, France",Won 1 Oscar. 60 wins & 71 nominations total,"[{'Source': 'Internet Movie Database', 'Value': '7.7/10'}, {'Source': 'Rotten Tomatoes', 'Value': '93%'}, {'Source': 'Metacritic', 'Value': '79/100'}]",79.0,7.7,"223,771",tt10288566,movie,
The Hunt,2012,R,14 Nov 2012,115,Drama,Thomas Vinterberg,"Thomas Vinterberg, Tobias Lindholm","Mads Mikkelsen, Thomas Bo Larsen, Annika Wedderkopp","A teacher lives a lonely life, all the while struggling over his son's custody. His life slowly gets better as he finds love and receives good news from his son, but his new luck is about to be brutally shattered by an innocent li...","Danish, English, Polish","Denmark, Sweden, Belgium, France",Nominated for 1 Oscar. 38 wins & 74 nominations total,"[{'Source': 'Internet Movie Database', 'Value': '8.3/10'}, {'Source': 'Rotten Tomatoes', 'Value': '92%'}, {'Source': 'Metacritic', 'Value': '77/100'}]",77.0,8.3,"397,079",tt2106476,movie,"$613,308"
A Separation,2011,PG-13,16 Mar 2011,123,Drama,Asghar Farhadi,Asghar Farhadi,"Payman Maadi, Leila Hatami, Sareh Bayat",A married couple are faced with a difficult decision - to improve the life of their child by moving to another country or to stay in Iran and look after a deteriorating parent who has Alzheimer's disease.,Persian,"Iran, France, Australia",Won 1 Oscar. 89 wins & 52 nominations total,"[{'Source': 'Internet Movie Database', 'Value': '8.3/10'}, {'Source': 'Rotten Tomatoes', 'Value': '99%'}, {'Source': 'Metacritic', 'Value': '95/100'}]",95.0,8.3,"276,307",tt1832382,movie,"$7,099,055"
The Salesman,2016,PG-13,31 Aug 2016,124,"Drama, Thriller",Asghar Farhadi,Asghar Farhadi,"Shahab Hosseini, Taraneh Alidoosti, Mina Sadati","While Ranaa and Emad, a married couple, are participating in a production of ""Death of a Salesman,"" she is assaulted in their new home, which leaves him determined to find the perpetrator over his wife's traumatized objections.","Persian, English","Iran, France, Qatar, United States",Won 1 Oscar. 17 wins & 32 nominations total,"[{'Source': 'Internet Movie Database', 'Value': '7.7/10'}, {'Source': 'Rotten Tomatoes', 'Value': '96%'}, {'Source': 'Metacritic', 'Value': '85/100'}]",85.0,7.7,"66,807",tt5186714,movie,"$2,402,067"
About Elly,2009,TV-PG,06 Jun 2009,119,"Drama, Mystery",Asghar Farhadi,Asghar Farhadi,"Taraneh Alidoosti, Golshifteh Farahani, Shahab Hosseini",The mysterious disappearance of a kindergarten teacher during a picnic in the north of Iran is followed by a series of misadventures for her fellow travelers.,"Persian, German","Iran, France",23 wins & 17 nominations,"[{'Source': 'Internet Movie Database', 'Value': '7.9/10'}, {'Source': 'Rotten Tomatoes', 'Value': '99%'}, {'Source': 'Metacritic', 'Value': '87/100'}]",87.0,7.9,"58,135",tt1360860,movie,"$470,760"
The Past,2013,PG-13,17 May 2013,130,"Drama, Mystery",Asghar Farhadi,Asghar Farhadi,"Bérénice Bejo, Tahar Rahim, Ali Mosaffa","An Iranian man deserts his French wife and her two children to return to his homeland. Meanwhile, his wife starts up a new relationship, a reality her husband confronts upon his wife's request for a divorce.","French, Persian","France, Italy, Belgium",13 wins & 42 nominations,"[{'Source': 'Internet Movie Database', 'Value': '7.7/10'}, {'Source': 'Rotten Tomatoes', 'Value': '92%'}, {'Source': 'Metacritic', 'Value': '85/100'}]",85.0,7.7,"51,340",tt2404461,movie,"$1,331,747"
Incendies,2010,R,22 Apr 2011,131,"Drama, Mystery, War",Denis Villeneuve,"Wajdi Mouawad, Denis Villeneuve, Valérie Beaugrand-Champagne","Lubna Azabal, Mélissa Désormeaux-Poulin, Maxim Gaudette",Twins journey to the Middle East to discover their family history and fulfill their mother's last wishes.,"French, Arabic, English","Canada, France",Nominated for 1 Oscar. 41 wins & 20 nominations total,"[{'Source': 'Internet Movie Database', 'Value': '8.3/10'}, {'Source': 'Rotten Tomatoes', 'Value': '91%'}, {'Source': 'Metacritic', 'Value': '80/100'}]",80.0,8.3,"243,446",tt1255953,movie,"$2,071,334"
Enemy,2013,R,06 Feb 2014,91,"Drama, Mystery, Thriller",Denis Villeneuve,"José Saramago, Javier Gullón","Jake Gyllenhaal, Mélanie Laurent, Sarah Gadon",A mild-mannered college professor investigates the life of an actor who looks exactly like him.,English,"Canada, Spain, France",17 wins & 23 nominations total,"[{'Source': 'Internet Movie Database', 'Value': '6.9/10'}, {'Source': 'Rotten Tomatoes', 'Value': '73%'}, {'Source': 'Metacritic', 'Value': '61/100'}]",61.0,6.9,"236,696",tt2316411,movie,"$1,008,726"
Sicario,2015,R,02 Oct 2015,121,"Action, Crime, Drama",Denis Villeneuve,Taylor Sheridan,"Emily Blunt, Josh Brolin, Benicio Del Toro",An idealistic FBI agent is enlisted by a government task force to aid in the escalating war against drugs at the border area between the U.S. and Mexico.,"English, Spanish, Ukrainian","United States, Mexico, Hong Kong",Nominated for 3 Oscars. 15 wins & 157 nominations total,"[{'Source': 'Internet Movie Database', 'Value': '7.7/10'}, {'Source': 'Rotten Tomatoes', 'Value': '91%'}, {'Source': 'Metacritic', 'Value': '82/100'}]",82.0,7.7,"527,661",tt3397884,movie,"$46,889,293"
Sicario: Day of the Soldado,2018,R,29 Jun 2018,122,"Action, Crime, Drama",Stefano Sollima,Taylor Sheridan,"Benicio Del Toro, Josh Brolin, Isabela Merced","The drug war on the U.S.-Mexico border has escalated as the cartels have begun trafficking terrorists across the US border. To fight the war, federal agent Matt Graver re-teams with the mercurial Alejandro.","English, Spanish, American Sign , Arabic, Somali, Spanish Sign ",United States,1 win & 8 nominations total,"[{'Source': 'Internet Movie Database', 'Value': '7.1/10'}, {'Source': 'Rotten Tomatoes', 'Value': '62%'}, {'Source': 'Metacritic', 'Value': '61/100'}]",61.0,7.1,"189,324",tt5052474,movie,"$50,072,235"
Looper,2012,R,28 Sep 2012,119,"Action, Drama, Sci-Fi",Rian Johnson,Rian Johnson,"Joseph Gordon-Levitt, Bruce Willis, Emily Blunt","In 2074, when the mob wants to get rid of someone, the target is sent into the past, where a hired gun awaits - someone like Joe - who one day learns the mob wants to 'close the loop' by sending back Joe's future self for assassin...","English, French","United States, China",18 wins & 47 nominations total,"[{'Source': 'Internet Movie Database', 'Value': '7.4/10'}, {'Source': 'Rotten Tomatoes', 'Value': '93%'}, {'Source': 'Metacritic', 'Value': '84/100'}]",84.0,7.4,"624,435",tt1276104,movie,"$66,486,205"
Source Code,2011,PG-13,01 Apr 2011,93,"Action, Drama, Mystery",Duncan Jones,Ben Ripley,"Jake Gyllenhaal, Michelle Monaghan, Vera Farmiga",A soldier wakes up in someone else's body and discovers he's part of an experimental government program to find the bomber of a commuter train within 8 minutes.,English,"United States, Canada, France, Germany",1 win & 8 nominations total,"[{'Source': 'Internet Movie Database', 'Value': '7.5/10'}, {'Source': 'Rotten Tomatoes', 'Value': '92%'}, {'Source': 'Metacritic', 'Value': '74/100'}]",74.0,7.5,"577,054",tt0945513,movie,"$54,712,227"
Edge of Tomorrow,2014,PG-13,06 Jun 2014,113,"Action, Adventure, Sci-Fi",Doug Liman,"Christopher McQuarrie, Jez Butterworth, John-Henry Butterworth","Tom Cruise, Emily Blunt, Bill Paxton",A man fighting in a war against aliens must relive the same day every time he dies until he can find a way to stop their power source with the help of an elite soldier.,English,"United States, Canada, India, Australia",11 wins & 38 nominations total,"[{'Source': 'Internet Movie Database', 'Value': '7.9/10'}, {'Source': 'Rotten Tomatoes', 'Value': '91%'}, {'Source': 'Metacritic', 'Value': '71/100'}]",71.0,7.9,"802,767",tt1631867,movie,"$100,206,256"
Oblivion,2013,PG-13,19 Apr 2013,124,"Action, Adventure, Sci-Fi",Joseph Kosinski,"Karl Gajdusek, Michael Arndt, Joseph Kosinski","Tom Cruise, Morgan Freeman, Andrea Riseborough",A stranger's arrival triggers one man's battle to save mankind.,English,"United States, United Kingdom, Japan, Iceland",1 win & 17 nominations total,"[{'Source': 'Internet Movie Database', 'Value': '7.0/10'}, {'Source': 'Rotten Tomatoes', 'Value': '53%'}, {'Source': 'Metacritic', 'Value': '54/100'}]",54.0,7.0,"583,313",tt1483013,movie,"$89,107,235"
District 9,2009,R,14 Aug 2009,112,"Action, Sci-Fi, Thriller",Neill Blomkamp,"Neill Blomkamp, Terri Tatchell","Sharlto Copley, David James, Jason Cope","In a future Earth in which aliens are isolated in a remote ghetto, a government agent finds himself banished there.","English, Nyanja, Afrikaans, Zulu, Xhosa, Sotho","South Africa, United States, New Zealand, Canada",Nominated for 4 Oscars. 32 wins & 117 nominations total,"[{'Source': 'Internet Movie Database', 'Value': '7.9/10'}, {'Source': 'Rotten Tomatoes', 'Value': '90%'}, {'Source': 'Metacritic', 'Value': '81/100'}]",81.0,7.9,"748,028",tt1136608,movie,"$115,646,235"
Elysium,2013,R,09 Aug 2013,109,"Action, Drama, Sci-Fi",Neill Blomkamp,Neill Blomkamp,"Matt Damon, Jodie Foster, Sharlto Copley","In the year 2154, the very wealthy live on a man-made space station while the rest of the population resides on a ruined Earth. A man takes on a mission that could bring equality to the polarized worlds.","English, Spanish, French, Afrikaans","United States, Canada, South Africa, Mexico",1 win & 10 nominations total,"[{'Source': 'Internet Movie Database', 'Value': '6.6/10'}, {'Source': 'Rotten Tomatoes', 'Value': '64%'}, {'Source': 'Metacritic', 'Value': '61/100'}]",61.0,6.6,"489,527",tt1535108,movie,"$93,050,117"
Snowpiercer,2013,R,11 Jul 2014,126,"Action, Sci-Fi, Thriller",Bong Joon Ho,"Jacques Lob, Benjamin Legrand, Jean-Marc Rochette","Chris Evans, Jamie Bell, Tilda Swinton","In a future where a failed climate change experiment has killed all life except for the survivors who boarded the Snowpiercer (a train that travels around the globe), a new class system emerges.","English, Korean, French, Japanese, Czech, German","South Korea, Czech Republic",36 wins & 109 nominations total,"[{'Source': 'Internet Movie Database', 'Value': '7.1/10'}, {'Source': 'Rotten Tomatoes', 'Value': '94%'}, {'Source': 'Metacritic', 'Value': '84/100'}]",84.0,7.1,"417,858",tt1706620,movie,"$4,563,650"
Oldboy,2003,R,21 Nov 2003,120,"Action, Drama, Mystery",Park Chan-wook,"Garon Tsuchiya, Nobuaki Minegishi, Park Chan-wook","Choi Min-sik, Yoo Ji-tae, Kang Hye-jeong","After being kidnapped and imprisoned for fifteen years, Oh Dae-Su is released, only to find that he must track down his captor in five days.",Korean,South Korea,46 wins & 28 nominations total,"[{'Source': 'Internet Movie Database', 'Value': '8.3/10'}, {'Source': 'Rotten Tomatoes', 'Value': '82%'}, {'Source': 'Metacritic', 'Value': '78/100'}]",78.0,8.3,"710,562",tt0364569,movie,"$2,458,200"
Memories of Murder,2003,Not Rated,02 May 2003,131,"Crime, Drama, Mystery",Bong Joon Ho,"Bong Joon Ho, Kwang-rim Kim, Sung-bo Shim","Song Kang-ho, Kim Sang-kyung, Kim Roe-ha","In a small Korean province in 1986, two detectives struggle with the case of multiple young women being found raped and murdered by an unknown culprit.","Korean, English",South Korea,34 wins & 13 nominations total,"[{'Source': 'Internet Movie Database', 'Value': '8.1/10'}, {'Source': 'Metacritic', 'Value': '82/100'}]",82.0,8.1,"262,200",tt0353969,movie,"$15,357"
The Handmaiden,2016,Not Rated,02 Sep 2017,145,"Drama, Romance, Thriller",Park Chan-wook,"Chung Seo-kyung, Sarah Waters, Park Chan-wook","Kim Min-hee, Ha Jung-woo, Cho Jin-woong","In 1930s Korea, a girl is hired as a handmaiden to a Japanese heiress who lives a secluded life on a countryside estate. But the maid has a secret: She is a pickpocket recruited by a swindler to help seduce the Lady and steal her ...","Korean, Japanese",South Korea,Won 1 BAFTA Award69 wins & 104 nominations total,"[{'Source': 'Internet Movie Database', 'Value': '8.1/10'}, {'Source': 'Rotten Tomatoes', 'Value': '96%'}, {'Source': 'Metacritic', 'Value': '85/100'}]",85.0,8.1,"199,145",tt4016934,movie,"$2,006,788"
Decision to Leave,2022,Not Rated,21 Oct 2022,139,"Crime, Drama, Mystery",Park Chan-wook,"Park Chan-wook, Chung Seo-kyung","Tang Wei, Park Hae-il, Lee Jung-hyun",A detective investigating a man's death in the mountains meets the dead man's mysterious wife in the course of his dogged sleuthing.,"Korean, Mandarin, English",South Korea,Nominated for 2 BAFTA 76 wins & 153 nominations total,"[{'Source': 'Internet Movie Database', 'Value': '7.3/10'}, {'Source': 'Rotten Tomatoes', 'Value': '94%'}, {'Source': 'Metacritic', 'Value': '85/100'}]",85.0,7.3,"67,037",tt12477480,movie,"$2,179,864"
Burning,2018,Not Rated,17 May 2018,148,"Drama, Mystery, Thriller",Lee Chang-dong,"Jungmi Oh, Lee Chang-dong, Haruki Murakami","Yoo Ah-in, Steven Yeun, Jeon Jong-seo","Jong-su bumps into a girl who used to live in the same neighborhood, who asks him to look after her cat while she's on a trip to Africa. When back, she introduces Ben, a mysterious guy she met there, who confesses his secret hobby.","Korean, English","South Korea, Japan",54 wins & 144 nominations total,"[{'Source': 'Internet Movie Database', 'Value': '7.4/10'}, {'Source': 'Rotten Tomatoes', 'Value': '95%'}, {'Source': 'Metacritic', 'Value': '91/100'}]",91.0,7.4,"85,033",tt7282468,movie,"$718,991"
Train to Busan,2016,Not Rated,20 Jul 2016,118,"Action, Horror, Thriller",Yeon Sang-ho,"Park Joo-suk, Yeon Sang-ho","Gong Yoo, Jung Yu-mi, Ma Dong-seok","While a zombie virus breaks out in South Korea, passengers struggle to survive on the train from Seoul to Busan.","Korean, English, Hawaiian",South Korea,36 wins & 42 nominations total,"[{'Source': 'Internet Movie Database', 'Value': '7.6/10'}, {'Source': 'Rotten Tomatoes', 'Value': '95%'}, {'Source': 'Metacritic', 'Value': '73/100'}]",73.0,7.6,"300,921",tt5700672,movie,"$2,129,768"
The Wailing,2016,TV-MA,03 Jun 2016,156,"Drama, Horror",Na Hong-jin,Na Hong-jin,"Jun Kunimura, Hwang Jung-min, Kwak Do-won","Soon after a stranger arrives in a little village, a mysterious sickness starts spreading. A policeman, drawn into the incident, is forced to solve the mystery in order to save his daughter...","Korean, Japanese",South Korea,34 wins & 57 nominations total,"[{'Source': 'Internet Movie Database', 'Value': '7.4/10'}, {'Source': 'Rotten Tomatoes', 'Value': '99%'}, {'Source': 'Metacritic', 'Value': '81/100'}]",81.0,7.4,"97,220",tt5215952,movie,"$786,633"
A Tale of Two Sisters,2003,R,13 Jun 2003,114,"Drama, Horror, Mystery",Kim Jee-woon,Kim Jee-woon,"Lim Soo-jung, Yum Jung-ah, Kim Kap-su","After being institutionalized in a mental hospital, Su-mi reunites with her sister, Su-yeon, and they return to live at their country home. But strange events plague the house, leading to surprising revelations and a shocking conc...",Korean,South Korea,23 wins & 12 nominations total,"[{'Source': 'Internet Movie Database', 'Value': '7.1/10'}, {'Source': 'Rotten Tomatoes', 'Value': '86%'}, {'Source': 'Metacritic', 'Value': '65/100'}]",65.0,7.1,"73,253",tt0365376,movie,"$72,541"
Mother,2009,R,28 May 2009,129,"Crime, Drama, Mystery",Bong Joon Ho,"Bong Joon Ho, Park Eun-kyo","Kim Hye-ja, Won Bin, Jin Goo",A mother desperately searches for the killer who framed her son for a girl's horrific murder.,Korean,South Korea,45 wins & 49 nominations total,"[{'Source': 'Internet Movie Database', 'Value': '7.7/10'}, {'Source': 'Rotten Tomatoes', 'Value': '96%'}, {'Source': 'Metacritic', 'Value': '79/100'}]",79.0,7.7,"79,751",tt1216496,movie,"$551,509"
The Chaser,2008,Not Rated,14 Feb 2008,125,"Action, Crime, Drama",Na Hong-jin,"Na Hong-jin, Shinho Lee, Hong Won-chan","Kim Yoon-seok, Ha Jung-woo, Seo Young-hee",A disgraced ex-policeman who runs a small ring of prostitutes finds himself in a race against time when one of his women goes missing.,Korean,South Korea,29 wins & 27 nominations total,"[{'Source': 'Internet Movie Database', 'Value': '7.8/10'}, {'Source': 'Rotten Tomatoes', 'Value': '82%'}, {'Source': 'Metacritic', 'Value': '64/100'}]",64.0,7.8,"79,060",tt1190539,movie,
The Host,2006,R,30 Mar 2007,120,"Drama, Horror, Sci-Fi",Bong Joon Ho,"Bong Joon Ho, Won-jun Ha, Chul-hyun Baek","Song Kang-ho, Byun Hee-Bong, Park Hae-il",A monster emerges from Seoul's Han River and begins attacking people. One victim's loving family does what it can to rescue her from its clutches.,"Korean, English","South Korea, Japan",30 wins & 37 nominations total,"[{'Source': 'Internet Movie Database', 'Value': '7.1/10'}, {'Source': 'Rotten Tomatoes', 'Value': '93%'}, {'Source': 'Metacritic', 'Value': '85/100'}]",85.0,7.1,"140,796",tt0468492,movie,"$2,201,923"
Perfect Blue,1997,Not Rated,28 Feb 1998,82,"Animation, Crime, Drama",Satoshi Kon,"Sadayuki Murai, Yoshikazu Takeuchi, Satoshi Kon","Junko Iwao, Rica Matsumoto, Shinpachi Tsuji","A pop singer gives up her career to become an actress, but she slowly goes insane when she starts being stalked by an obsessed fan and what seems to be a ghost of her past.","Japanese, English",Japan,3 wins & 3 nominations total,"[{'Source': 'Internet Movie Database', 'Value': '8.0/10'}, {'Source': 'Rotten Tomatoes', 'Value': '85%'}, {'Source': 'Metacritic', 'Value': '67/100'}]",67.0,8.0,"119,036",tt0156887,movie,"$2,292,123"
Paprika,2007,R,22 Jun 2007,90,"Animation, Drama, Fantasy",Satoshi Kon,"Yasutaka Tsutsui, Seishi Minakami, Satoshi Kon","Megumi Hayashibara, Tôru Emori, Katsunosuke Hori","When a machine that allows therapists to enter their patients' dreams is stolen, all hell breaks loose. Only a young female therapist, Paprika, can stop it.","Japanese, English",Japan,6 wins & 5 nominations total,"[{'Source': 'Internet Movie Database', 'Value': '7.7/10'}, {'Source': 'Rotten Tomatoes', 'Value': '87%'}, {'Source': 'Metacritic', 'Value': '81/100'}]",81.0,7.7,"112,138",tt0851578,movie,"$882,267"
Akira,1988,R,16 Jul 1988,124,"Animation, Action, Drama",Katsuhiro Ôtomo,"Katsuhiro Ôtomo, Izô Hashimoto","Mitsuo Iwata, Nozomu Sasaki, Mami Koyama",A secret military project endangers Neo-Tokyo when it turns a teenage biker gang member into a rampaging psychic psychopath who can only be stopped by his best friend.,Japanese,Japan,1 win total,"[{'Source': 'Internet Movie Database', 'Value': '8.0/10'}, {'Source': 'Rotten Tomatoes', 'Value': '91%'}, {'Source': 'Metacritic', 'Value': '68/100'}]",68.0,8.0,"223,673",tt0094625,movie,"$553,171"
Ghost in the Shell,2017,PG-13,31 Mar 2017,107,"Action, Crime, Drama",Rupert Sanders,"Shirow Masamune, Jamie Moss, William Wheeler","Scarlett Johansson, Pilou Asbæk, Takeshi Kitano","In the near future, Major Mira Killian is the first of her kind: A human saved from a terrible crash, who is cyber-enhanced to be a perfect soldier devoted to stopping the world's most dangerous criminals.","English, Japanese","United States, China, Hong Kong, Canada, India",3 wins & 6 nominations total,"[{'Source': 'Internet Movie Database', 'Value': '6.3/10'}, {'Source': 'Rotten Tomatoes', 'Value': '42%'}, {'Source': 'Metacritic', 'Value': '52/100'}]",52.0,6.3,"238,552",tt1219827,movie,"$40,563,557"
Spirited Away,2003,PG,28 Mar 2003,124,"Animation, Adventure, Family",Hayao Miyazaki,Hayao Miyazaki,"Miyu Irino, Rumi Hiiragi, Mari Natsuki","During her family's move to the suburbs, a sullen 10-year-old girl wanders into a world ruled by gods, witches and spirits, and where humans are changed into beasts.","Japanese, English","Japan, United States",Won 1 Oscar. 58 wins & 31 nominations total,"[{'Source': 'Internet Movie Database', 'Value': '8.6/10'}, {'Source': 'Rotten Tomatoes', 'Value': '96%'}, {'Source': 'Metacritic', 'Value': '96/100'}]",96.0,8.6,"964,088",tt0245429,movie,"$14,821,254"
Princess Mononoke,1997,PG-13,12 Jul 1997,133,"Animation, Adventure, Fantasy",Hayao Miyazaki,Hayao Miyazaki,"Yôji Matsuda, Yuriko Ishida, Yûko Tanaka","While seeking to cure himself of a curse, young warrior Ashitaka stumbles into a conflict between the people of Iron Town and Princess Mononoke, a girl raised by wolves, who will stop at nothing to prevent the destruction of her h...",Japanese,Japan,14 wins & 6 nominations total,"[{'Source': 'Internet Movie Database', 'Value': '8.3/10'}, {'Source': 'Rotten Tomatoes', 'Value': '93%'}, {'Source': 'Metacritic', 'Value': '78/100'}]",78.0,8.3,"477,867",tt0119698,movie,"$11,696,687"
My Neighbor Totoro,1988,G,13 Jul 1990,86,"Animation, Adventure, Comedy",Hayao Miyazaki,Hayao Miyazaki,"Hitoshi Takagi, Noriko Hidaka, Chika Sakamoto","When two girls move to the country to be near their ailing mother, they have adventures with the wondrous forest spirits who live nearby.",Japanese,Japan,5 wins & 2 nominations total,"[{'Source': 'Internet Movie Database', 'Value': '8.1/10'}, {'Source': 'Rotten Tomatoes', 'Value': '94%'}, {'Source': 'Metacritic', 'Value': '87/100'}]",87.0,8.1,"425,325",tt0096283,movie,"$2,250,213"
Howl's Moving Castle,2004,PG,17 Jun 2005,119,"Animation, Adventure, Family",Hayao Miyazaki,"Diana Wynne Jones, Hayao Miyazaki","Chieko Baishô, Takuya Kimura, Tatsuya Gashûin","When an unconfident young woman is cursed with an old body by a spiteful witch, her only chance of breaking the spell lies with a self-indulgent yet insecure young wizard and his companions in his legged, walking castle.",Japanese,"Japan, United States",Nominated for 1 Oscar. 14 wins & 20 nominations total,"[{'Source': 'Internet Movie Database', 'Value': '8.2/10'}, {'Source': 'Rotten Tomatoes', 'Value': '88%'}, {'Source': 'Metacritic', 'Value': '82/100'}]",82.0,8.2,"507,343",tt0347149,movie,"$10,352,604"
Grave of the Fireflies,1989,Not Rated,26 Jul 1989,88,"Animation, Drama, War",Isao Takahata,"Akiyuki Nosaka, Isao Takahata","Tsutomu Tatsumi, Ayano Shiraishi, Akemi Yamaguchi",A young boy and his little sister struggle to survive in Japan during World War II.,Japanese,Japan,3 wins total,"[{'Source': 'Internet Movie Database', 'Value': '8.5/10'}, {'Source': 'Rotten Tomatoes', 'Value': '100%'}, {'Source': 'Metacritic', 'Value': '94/100'}]",94.0,8.5,"383,582",tt0095327,movie,"$516,962"
Weathering with You,2019,PG-13,17 Jan 2020,112,"Animation, Drama, Fantasy",Makoto Shinkai,Makoto Shinkai,"Kotaro Daigo, Nana Mori, Tsubasa Honda","Set during a period of exceptionally rainy weather, high-school boy Hodaka Morishima runs away from his troubled rural home to Tokyo and befriends an orphan girl who can manipulate the weather.",Japanese,"Japan, China",6 wins & 13 nominations total,"[{'Source': 'Internet Movie Database', 'Value': '7.5/10'}, {'Source': 'Rotten Tomatoes', 'Value': '92%'}, {'Source': 'Metacritic', 'Value': '72/100'}]",72.0,7.5,"68,685",tt9426210,movie,"$8,056,636"
Tokyo Godfathers,2003,PG-13,08 Nov 2003,92,"Animation, Adventure, Comedy","Satoshi Kon, Shôgo Furuya","Satoshi Kon, Keiko Nobumoto","Tôru Emori, Yoshiaki Umegaki, Aya Okamoto","On Christmas Eve, three homeless people living on the streets of Tokyo discover a newborn baby among the trash and set out to find its parents.","Japanese, Spanish, English",Japan,8 wins & 1 nomination total,"[{'Source': 'Internet Movie Database', 'Value': '7.8/10'}, {'Source': 'Rotten Tomatoes', 'Value': '92%'}, {'Source': 'Metacritic', 'Value': '75/100'}]",75.0,7.8,"54,397",tt0388473,movie,"$367,131"
The Wind Rises,2013,PG-13,21 Feb 2014,126,"Animation, Biography, Drama",Hayao Miyazaki,Hayao Miyazaki,"Hideaki Anno, Miori Takimoto, Hidetoshi Nishijima","Jiro Horikoshi studies assiduously to fulfill his aim of becoming an aeronautical engineer. As WWII begins, fighter aircraft designed by him end up getting used by the Japanese Empire against its foes.","Japanese, German, Italian, French",Japan,Nominated for 1 Oscar. 26 wins & 54 nominations total,"[{'Source': 'Internet Movie Database', 'Value': '7.8/10'}, {'Source': 'Rotten Tomatoes', 'Value': '88%'}, {'Source': 'Metacritic', 'Value': '83/100'}]",83.0,7.8,"111,654",tt2013293,movie,"$5,209,580"
Nausicaä of the Valley of the Wind,1984,PG,25 Nov 1987,117,"Animation, Adventure, Sci-Fi",Hayao Miyazaki,"Hayao Miyazaki, Kazunori Itô","Sumi Shimamoto, Mahito Tsujimura, Hisako Kyôda",Warrior and pacifist Princess Nausicaä desperately struggles to prevent two warring nations from destroying themselves and their dying planet.,Japanese,Japan,3 wins & 1 nomination total,"[{'Source': 'Internet Movie Database', 'Value': '8.0/10'}, {'Source': 'Rotten Tomatoes', 'Value': '87%'}, {'Source': 'Metacritic', 'Value': '86/100'}]",86.0,8.0,"195,783",tt0087544,movie,"$495,770"
Castle in the Sky,1986,PG,19 Jul 1991,124,"Animation, Adventure, Family",Hayao Miyazaki,"Hayao Miyazaki, Jonathan Swift","Mayumi Tanaka, Keiko Yokozawa, Kotoe Hatsui","Pazu's life changes when he meets Sheeta, a girl whom pirates are chasing for her crystal amulet, which has the potential to locate Laputa, a legendary castle floating in the sky.",Japanese,Japan,1 win total,"[{'Source': 'Internet Movie Database', 'Value': '8.0/10'}, {'Source': 'Rotten Tomatoes', 'Value': '96%'}, {'Source': 'Metacritic', 'Value': '78/100'}]",78.0,8.0,"196,825",tt0092067,movie,"$523,664"
The Tale of The Princess Kaguya,2013,PG,23 Nov 2013,137,"Animation, Drama, Family",Isao Takahata,"Isao Takahata, Riko Sakaguchi","Chloë Grace Moretz, James Caan, Mary Steenburgen","Kaguya is a beautiful young woman coveted by five nobles. To try to avoid marrying a stranger she doesn't love, she sends her suitors on seemingly impossible tasks. But she will have to face her fate and punishment for her choices.",Japanese,Japan,Nominated for 1 Oscar. 13 wins & 38 nominations total,"[{'Source': 'Internet Movie Database', 'Value': '8.0/10'}, {'Source': 'Rotten Tomatoes', 'Value': '100%'}, {'Source': 'Metacritic', 'Value': '89/100'}]",89.0,8.0,"60,590",tt2576852,movie,"$974,913"
Rashomon,1950,Not Rated,26 Dec 1951,88,"Crime, Drama, Mystery",Akira Kurosawa,"Ryûnosuke Akutagawa, Akira Kurosawa, Shinobu Hashimoto","Toshirô Mifune, Machiko Kyô, Masayuki Mori",Three parties and a witness have four versions of a rape/murder in ninth-century Japan.,Japanese,Japan,Nominated for 1 Oscar. 9 wins & 5 nominations total,"[{'Source': 'Internet Movie Database', 'Value': '8.1/10'}, {'Source': 'Rotten Tomatoes', 'Value': '98%'}, {'Source': 'Metacritic', 'Value': '98/100'}]",98.0,8.1,"195,453",tt0042876,movie,"$46,808"
Seven Samurai,1954,Not Rated,19 Nov 1956,207,"Action, Drama",Akira Kurosawa,"Akira Kurosawa, Shinobu Hashimoto, Hideo Oguni","Toshirô Mifune, Takashi Shimura, Keiko Tsushima","Farmers from a village exploited by bandits hire a veteran samurai for protection, and he gathers six other samurai to join him.",Japanese,Japan,Nominated for 2 Oscars. 5 wins & 9 nominations total,"[{'Source': 'Internet Movie Database', 'Value': '8.6/10'}, {'Source': 'Rotten Tomatoes', 'Value': '100%'}, {'Source': 'Metacritic', 'Value': '98/100'}]",98.0,8.6,"397,770",tt0047478,movie,"$820,278"
Ikiru,1952,Not Rated,25 Mar 1956,143,Drama,Akira Kurosawa,"Akira Kurosawa, Shinobu Hashimoto, Hideo Oguni","Takashi Shimura, Nobuo Kaneko, Shin'ichi Himori",A bureaucrat tries to find meaning in his life after he discovers he has terminal cancer.,"Japanese, Latin, English, French",Japan,Nominated for 1 BAFTA Award6 wins & 2 nominations total,"[{'Source': 'Internet Movie Database', 'Value': '8.3/10'}, {'Source': 'Rotten Tomatoes', 'Value': '98%'}, {'Source': 'Metacritic', 'Value': '92/100'}]",92.0,8.3,"100,520",tt0044741,movie,"$60,239"
Tokyo Story,1953,Not Rated,13 Mar 1972,137,Drama,Yasujirô Ozu,"Kôgo Noda, Yasujirô Ozu","Chishû Ryû, Chieko Higashiyama, Sô Yamamura","An old couple visit their children and grandchildren in the city, but receive little attention.","Japanese, English",Japan,3 wins total,"[{'Source': 'Internet Movie Database', 'Value': '8.1/10'}, {'Source': 'Rotten Tomatoes', 'Value': '100%'}, {'Source': 'Metacritic', 'Value': '100/100'}]",100.0,8.1,"76,665",tt0046438,movie,
Yojimbo,1961,Not Rated,13 Sep 1961,110,"Action, Drama, Thriller",Akira Kurosawa,"Akira Kurosawa, Ryûzô Kikushima","Toshirô Mifune, Eijirô Tôno, Tatsuya Nakadai",A crafty ronin comes to a town divided by two criminal gangs and decides to play them against each other to free the town.,Japanese,Japan,Nominated for 1 Oscar. 5 wins & 2 nominations total,"[{'Source': 'Internet Movie Database', 'Value': '8.2/10'}, {'Source': 'Rotten Tomatoes', 'Value': '96%'}, {'Source': 'Metacritic', 'Value': '93/100'}]",93.0,8.2,"141,960",tt0055630,movie,"$46,808"
Ran,1985,R,01 Jun 1985,160,"Action, Drama, War",Akira Kurosawa,"Akira Kurosawa, Hideo Oguni, Masato Ide","Tatsuya Nakadai, Akira Terao, Jinpachi Nezu","In Medieval Japan, an elderly warlord retires, handing over his empire to his three sons. However, he vastly underestimates how the new-found power will corrupt them and cause them to turn on each other...and him.",Japanese,"Japan, France",Won 1 Oscar. 30 wins & 23 nominations total,"[{'Source': 'Internet Movie Database', 'Value': '8.2/10'}, {'Source': 'Rotten Tomatoes', 'Value': '96%'}, {'Source': 'Metacritic', 'Value': '97/100'}]",97.0,8.2,"150,674",tt0089881,movie,"$4,314,927"
Kagemusha: The Shadow Warrior,1980,PG,10 Oct 1980,162,"Drama, History, War",Akira Kurosawa,"Masato Ide, Akira Kurosawa","Tatsuya Nakadai, Tsutomu Yamazaki, Ken'ichi Hagiwara",A petty thief with an utter resemblance to a samurai warlord is hired as the lord's double. When the warlord later dies the thief is forced to take up arms in his place.,Japanese,"Japan, United States",Nominated for 2 Oscars. 20 wins & 5 nominations total,"[{'Source': 'Internet Movie Database', 'Value': '7.9/10'}, {'Source': 'Rotten Tomatoes', 'Value': '89%'}, {'Source': 'Metacritic', 'Value': '84/100'}]",84.0,7.9,"40,409",tt0080979,movie,"$4,000,000"
Harakiri,1964,Not Rated,04 Aug 1964,133,"Drama, Mystery",Masaki Kobayashi,"Yasuhiko Takiguchi, Shinobu Hashimoto","Tatsuya Nakadai, Akira Ishihama, Shima Iwashita","When a ronin requesting seppuku at a feudal lord's palace is told of the brutal suicide of another ronin who previously visited, he reveals how their pasts are intertwined - and in doing so challenges the clan's integrity.",Japanese,Japan,9 wins & 3 nominations total,"[{'Source': 'Internet Movie Database', 'Value': '8.6/10'}, {'Source': 'Rotten Tomatoes', 'Value': '100%'}, {'Source': 'Metacritic', 'Value': '85/100'}]",85.0,8.6,"90,669",tt0056058,movie,
High and Low,1963,Not Rated,26 Nov 1963,143,"Crime, Drama, Mystery",Akira Kurosawa,"Hideo Oguni, Ryûzô Kikushima, Eijirô Hisaita","Toshirô Mifune, Yutaka Sada, Tatsuya Nakadai",An executive of a Yokohama shoe company becomes a victim of extortion when his chauffeur's son is kidnapped by mistake and held for ransom.,Japanese,Japan,3 wins & 3 nominations total,"[{'Source': 'Internet Movie Database', 'Value': '8.4/10'}, {'Source': 'Rotten Tomatoes', 'Value': '97%'}, {'Source': 'Metacritic', 'Value': '90/100'}]",90.0,8.4,"70,373",tt0057565,movie,"$46,808"
The Seventh Seal,1957,Not Rated,13 Oct 1958,96,"Drama, Fantasy",Ingmar Bergman,Ingmar Bergman,"Max von Sydow, Gunnar Björnstrand, Bengt Ekerot","A knight returning to Sweden after the Crusades seeks answers about life, death, and the existence of God as he plays chess against the Grim Reaper during the Black Plague.","Swedish, Latin",Sweden,9 wins & 2 nominations total,"[{'Source': 'Internet Movie Database', 'Value': '8.1/10'}, {'Source': 'Rotten Tomatoes', 'Value': '93%'}, {'Source': 'Metacritic', 'Value': '88/100'}]",88.0,8.1,"211,758",tt0050976,movie,
Persona,1966,Not Rated,16 Mar 1967,83,"Drama, Thriller",Ingmar Bergman,Ingmar Bergman,"Bibi Andersson, Liv Ullmann, Margaretha Krook",A nurse is put in charge of a mute actress and finds that their personae are melding together.,"Swedish, English",Sweden,Nominated for 1 BAFTA Award8 wins & 4 nominations total,"[{'Source': 'Internet Movie Database', 'Value': '8.0/10'}, {'Source': 'Rotten Tomatoes', 'Value': '91%'}, {'Source': 'Metacritic', 'Value': '86/100'}]",86.0,8.0,"139,387",tt0060827,movie,
Wild Strawberries,1957,Not Rated,22 Jun 1959,92,"Drama, Romance",Ingmar Bergman,Ingmar Bergman,"Victor Sjöström, Bibi Andersson, Ingrid Thulin","After living a life marked by coldness, an aging professor is forced to confront the emptiness of his existence.","Swedish, Latin",Sweden,Nominated for 1 Oscar. 16 wins & 4 nominations total,"[{'Source': 'Internet Movie Database', 'Value': '8.1/10'}, {'Source': 'Rotten Tomatoes', 'Value': '94%'}, {'Source': 'Metacritic', 'Value': '88/100'}]",88.0,8.1,"122,286",tt0050986,movie,
The Virgin Spring,1960,Not Rated,14 Nov 1960,89,Drama,Ingmar Bergman,Ulla Isaksson,"Max von Sydow, Birgitta Valberg, Gunnel Lindblom","In 14th-century Sweden, an innocent yet pampered teenage girl and her family's pregnant and jealous servant set out from their farm to deliver candles to church, but only one returns from events that transpire in the woods along t...","Swedish, German",Sweden,Won 1 Oscar. 6 wins & 2 nominations total,"[{'Source': 'Internet Movie Database', 'Value': '8.0/10'}, {'Source': 'Rotten Tomatoes', 'Value': '88%'}]",,8.0,"33,263",tt0053976,movie,
8½,1963,Not Rated,24 Jun 1963,138,Drama,Federico Fellini,"Federico Fellini, Ennio Flaiano, Tullio Pinelli","Marcello Mastroianni, Anouk Aimée, Claudia Cardinale","Guido seeks peace after his success but faces pressure from past collaborators. As he struggles with creativity, he reflects on his life and past romances.","Italian, French, English, German","Italy, France",Won 2 Oscars. 19 wins & 9 nominations total,"[{'Source': 'Internet Movie Database', 'Value': '8.0/10'}, {'Source': 'Rotten Tomatoes', 'Value': '97%'}, {'Source': 'Metacritic', 'Value': '93/100'}]",93.0,8.0,"131,757",tt0056801,movie,"$245,681"
La Dolce Vita,1960,TV-14,19 Apr 1961,174,"Comedy, Drama",Federico Fellini,"Federico Fellini, Ennio Flaiano, Tullio Pinelli","Marcello Mastroianni, Anita Ekberg, Anouk Aimée",A series of stories following a week in the life of a philandering tabloid journalist living in Rome.,"Italian, English, French, German","Italy, France",Won 1 Oscar. 11 wins & 12 nominations total,"[{'Source': 'Internet Movie Database', 'Value': '8.0/10'}, {'Source': 'Rotten Tomatoes', 'Value': '95%'}, {'Source': 'Metacritic', 'Value': '95/100'}]",95.0,8.0,"84,821",tt0053779,movie,
Bicycle Thieves,1948,Not Rated,13 Dec 1949,89,Drama,Vittorio De Sica,"Cesare Zavattini, Luigi Bartolini, Oreste Biancoli","Lamberto Maggiorani, Enzo Staiola, Lianella Carell","In post-war Italy, a working-class man's bicycle is stolen, endangering his efforts to find work. He and his son set out to find it.","Italian, German",Italy,Nominated for 1 Oscar. 18 wins & 1 nomination total,"[{'Source': 'Internet Movie Database', 'Value': '8.2/10'}, {'Source': 'Rotten Tomatoes', 'Value': '99%'}]",,8.2,"190,001",tt0040522,movie,"$371,111"
Umberto D.,1952,Not Rated,07 Nov 1955,89,Drama,Vittorio De Sica,Cesare Zavattini,"Carlo Battisti, Maria Pia Casilio, Lina Gennari",An elderly man and his dog struggle to survive on his government pension in Rome.,Italian,Italy,Nominated for 1 Oscar. 3 wins & 3 nominations total,"[{'Source': 'Internet Movie Database', 'Value': '8.1/10'}, {'Source': 'Rotten Tomatoes', 'Value': '98%'}, {'Source': 'Metacritic', 'Value': '92/100'}]",92.0,8.1,"30,490",tt0045274,movie,"$71,816"
The 400 Blows,1959,Not Rated,16 Nov 1959,99,"Crime, Drama",François Truffaut,"François Truffaut, Marcel Moussy","Jean-Pierre Léaud, Albert Rémy, Claire Maurier","A young boy, left without attention, delves into a life of petty crime.","French, English",France,Nominated for 1 Oscar. 8 wins & 5 nominations total,"[{'Source': 'Internet Movie Database', 'Value': '8.0/10'}, {'Source': 'Rotten Tomatoes', 'Value': '99%'}]",,8.0,"134,367",tt0053198,movie,$509
Breathless,1961,Not Rated,07 Feb 1961,90,"Crime, Drama",Jean-Luc Godard,"Claude Chabrol, Jean-Luc Godard, François Truffaut","Jean-Paul Belmondo, Jean Seberg, Jean-Luc Godard","A small-time crook, hunted by the authorities for a car theft and the murder of a police officer, attempts to persuade a hip American journalism student to run away with him to Italy.","French, English",France,Nominated for 1 BAFTA Award. 5 wins & 4 nominations total,"[{'Source': 'Internet Movie Database', 'Value': '7.6/10'}, {'Source': 'Rotten Tomatoes', 'Value': '95%'}, {'Source': 'Metacritic', 'Value': '96/100'}]",96.0,7.6,"95,230",tt0053472,movie,"$414,173"
Contempt,1963,Not Rated,18 Dec 1964,102,"Drama, Romance",Jean-Luc Godard,"Alberto Moravia, Jean-Luc Godard","Brigitte Bardot, Jack Palance, Michel Piccoli","A French writer's marriage deteriorates while working on Fritz Lang's version of ""The Odyssey"", as his wife accuses him of using her to court favor with the film's brash American producer.","French, English, German, Italian","France, Italy",1 win & 1 nomination total,"[{'Source': 'Internet Movie Database', 'Value': '7.4/10'}, {'Source': 'Rotten Tomatoes', 'Value': '92%'}]",,7.4,"37,823",tt0057345,movie,"$1,151,804"
A Prophet,2009,R,26 Mar 2010,155,"Crime, Drama",Jacques Audiard,"Thomas Bidegain, Jacques Audiard, Abdel Raouf Dafri","Tahar Rahim, Niels Arestrup, Adel Bencherif","A delinquent Muslim man struggles to get by in prison until he is taken under the wing of a powerful mob boss, but his gradual rise through the organization's ranks brings him in conflict with his mentor.","French, Arabic, Corsican","France, Italy",Nominated for 1 Oscar. 52 wins & 57 nominations total,"[{'Source': 'Internet Movie Database', 'Value': '7.8/10'}, {'Source': 'Rotten Tomatoes', 'Value': '96%'}, {'Source': 'Metacritic', 'Value': '90/100'}]",90.0,7.8,"107,123",tt1235166,movie,"$2,087,720"
Downfall,2004,R,08 Apr 2005,156,"Biography, Drama, History",Oliver Hirschbiegel,"Bernd Eichinger, Joachim Fest, Traudl Junge","Bruno Ganz, Alexandra Maria Lara, Ulrich Matthes","Traudl Junge, the final secretary for Adolf Hitler, tells of the Nazi dictator's final days in his Berlin bunker at the end of WWII.","German, Russian, French, Hungarian, English","Germany, Austria, Italy",Nominated for 1 Oscar. 22 wins & 34 nominations total,"[{'Source': 'Internet Movie Database', 'Value': '8.2/10'}, {'Source': 'Rotten Tomatoes', 'Value': '90%'}, {'Source': 'Metacritic', 'Value': '82/100'}]",82.0,8.2,"398,149",tt0363163,movie,"$5,509,040"
Das Boot,1981,R,10 Feb 1982,149,"Drama, War",Wolfgang Petersen,"Lothar G. Buchheim, Wolfgang Petersen","Jürgen Prochnow, Herbert Grönemeyer, Klaus Wennemann",A German U-boat stalks the frigid waters of the North Atlantic as its young crew experience the sheer terror and claustrophobic life of a submariner in World War II.,"German, English, French",West Germany,Nominated for 6 Oscars. 15 wins & 12 nominations total,"[{'Source': 'Internet Movie Database', 'Value': '8.4/10'}, {'Source': 'Rotten Tomatoes', 'Value': '98%'}, {'Source': 'Metacritic', 'Value': '85/100'}]",85.0,8.4,"285,572",tt0082096,movie,"$11,487,676"
Run Lola Run,1998,R,18 Jun 1999,80,"Action, Crime, Thriller",Tom Tykwer,Tom Tykwer,"Franka Potente, Moritz Bleibtreu, Herbert Knaup","After a botched money delivery, Lola has 20 minutes to come up with 100,000 Deutschmarks.","German, English, Japanese",Germany,Nominated for 1 BAFTA Award28 wins & 21 nominations total,"[{'Source': 'Internet Movie Database', 'Value': '7.6/10'}, {'Source': 'Rotten Tomatoes', 'Value': '93%'}, {'Source': 'Metacritic', 'Value': '79/100'}]",79.0,7.6,"215,251",tt0130827,movie,"$7,647,184"
The White Ribbon,2009,R,05 Mar 2010,144,"Drama, Mystery, Thriller",Michael Haneke,Michael Haneke,"Christian Friedel, Ernst Jacobi, Leonie Benesch","Strange events happen in a small village in the north of Germany during the years before World War I, which seem to be ritual punishment. Who is responsible?","German, Italian, Polish, Latin","Germany, Austria, France, Italy, Canada",Nominated for 2 Oscars. 62 wins & 49 nominations total,"[{'Source': 'Internet Movie Database', 'Value': '7.8/10'}, {'Source': 'Rotten Tomatoes', 'Value': '85%'}, {'Source': 'Metacritic', 'Value': '84/100'}]",84.0,7.8,"80,927",tt1149362,movie,"$2,222,862"
The Square,2017,R,25 Aug 2017,151,"Comedy, Drama",Ruben Östlund,Ruben Östlund,"Claes Bang, Elisabeth Moss, Dominic West",A prestigious Stockholm museum's chief art curator finds himself in times of both professional and personal crisis as he attempts to set up a controversial new exhibit.,"Swedish, English, Danish","Sweden, Germany, France, Denmark, United States",Nominated for 1 Oscar. 33 wins & 46 nominations total,"[{'Source': 'Internet Movie Database', 'Value': '7.1/10'}, {'Source': 'Rotten Tomatoes', 'Value': '85%'}, {'Source': 'Metacritic', 'Value': '73/100'}]",73.0,7.1,"81,000",tt4995790,movie,"$1,502,347"
Triangle of Sadness,2022,R,18 Sep 2022,147,"Comedy, Drama",Ruben Östlund,Ruben Östlund,"Thobias Thorwid, Harris Dickinson, Charlbi Dean",A fashion model celebrity couple join an eventful cruise for the super-rich.,"English, Swedish, German, French, Greek, Tagalog, Akan","United Kingdom, Sweden, Germany, Mexico, France, Turkey, Denmark, United States, Switzerland, Greece",Nominated for 3 Oscars. 24 wins & 83 nominations total,"[{'Source': 'Internet Movie Database', 'Value': '7.2/10'}, {'Source': 'Rotten Tomatoes', 'Value': '71%'}, {'Source': 'Metacritic', 'Value': '63/100'}]",63.0,7.2,"211,865",tt7322224,movie,"$4,608,096"
Force Majeure,2014,R,30 Dec 2014,120,"Comedy, Drama",Ruben Östlund,Ruben Östlund,"Johannes Kuhnke, Lisa Loven Kongsli, Clara Wettergren",A family vacationing in the French Alps is confronted with a devastating avalanche.,"Swedish, Norwegian, English, French, Italian","Sweden, France, Norway, Denmark, Italy",Nominated for 1 BAFTA Award. 31 wins & 41 nominations total,"[{'Source': 'Internet Movie Database', 'Value': '7.2/10'}, {'Source': 'Rotten Tomatoes', 'Value': '94%'}, {'Source': 'Metacritic', 'Value': '87/100'}]",87.0,7.2,"73,065",tt2121382,movie,"$1,359,497"
Dogtooth,2009,Not Rated,11 Nov 2009,97,"Drama, Thriller",Yorgos Lanthimos,"Efthimis Filippou, Yorgos Lanthimos","Christos Stergioglou, Michele Valley, Angeliki Papoulia","A controlling, manipulative father locks his three adult offspring in a state of perpetual childhood by keeping them prisoner within the sprawling family compound.",Greek,Greece,Nominated for 1 Oscar. 21 wins & 21 nominations total,"[{'Source': 'Internet Movie Database', 'Value': '7.1/10'}, {'Source': 'Rotten Tomatoes', 'Value': '94%'}, {'Source': 'Metacritic', 'Value': '72/100'}]",72.0,7.1,"121,983",tt1379182,movie,"$223,072"
The Lobster,2015,R,16 Oct 2015,119,"Drama, Romance, Sci-Fi",Yorgos Lanthimos,"Yorgos Lanthimos, Efthimis Filippou","Colin Farrell, Rachel Weisz, Jessica Barden","In a dystopian near future, according to the laws of The City, single people are taken to The Hotel, where they are obliged to find a romantic partner in 45 days or they're transformed into beasts and sent off into The Woods.","English, French, Greek","Ireland, United Kingdom, Greece, France, Netherlands, Belgium, United States",Nominated for 1 Oscar. 33 wins & 84 nominations total,"[{'Source': 'Internet Movie Database', 'Value': '7.1/10'}, {'Source': 'Rotten Tomatoes', 'Value': '87%'}, {'Source': 'Metacritic', 'Value': '82/100'}]",82.0,7.1,"330,883",tt3464902,movie,"$9,077,245"
The Killing of a Sacred Deer,2017,R,03 Nov 2017,121,"Drama, Horror, Mystery",Yorgos Lanthimos,"Yorgos Lanthimos, Efthimis Filippou","Barry G. Bernson, Herb Caillouet, Bill Camp",A devious teen starts to insinuate himself into the life of a renowned surgeon and his family.,"English, French","Ireland, United Kingdom, United States",7 wins & 53 nominations total,"[{'Source': 'Internet Movie Database', 'Value': '7.0/10'}, {'Source': 'Rotten Tomatoes', 'Value': '79%'}, {'Source': 'Metacritic', 'Value': '73/100'}]",73.0,7.0,"212,973",tt5715874,movie,"$2,291,901"
Poor Things,2023,R,22 Dec 2023,141,"Comedy, Drama, Romance",Yorgos Lanthimos,"Tony McNamara, Alasdair Gray","Emma Stone, Mark Ruffalo, Willem Dafoe","An account of the fantastical evolution of Bella Baxter, a young woman brought back to life by the brilliant and unorthodox scientist Dr. Godwin Baxter.","English, French, Portuguese","Ireland, United Kingdom, United States, Hungary",Won 4 Oscars. 121 wins & 427 nominations total,"[{'Source': 'Internet Movie Database', 'Value': '7.7/10'}, {'Source': 'Rotten Tomatoes', 'Value': '92%'}, {'Source': 'Metacritic', 'Value': '88/100'}]",88.0,7.7,"391,223",tt14230458,movie,"$34,553,225"
The Favourite,2018,R,21 Dec 2018,119,"Biography, Comedy, Drama",Yorgos Lanthimos,"Deborah Davis, Tony McNamara","Olivia Colman, Emma Stone, Rachel Weisz","In early 18th-century England, the status quo at the court is upset when a new servant arrives and endears herself to a frail Queen Anne.",English,"Ireland, United Kingdom, United States",Won 1 Oscar. 187 wins & 352 nominations total,"[{'Source': 'Internet Movie Database', 'Value': '7.5/10'}, {'Source': 'Rotten Tomatoes', 'Value': '93%'}, {'Source': 'Metacritic', 'Value': '91/100'}]",91.0,7.5,"256,902",tt5083738,movie,"$34,366,783"
Dogville,2003,R,23 Apr 2004,171,"Crime, Drama",Lars von Trier,Lars von Trier,"Nicole Kidman, Paul Bettany, Lauren Bacall","A woman on the run from the mob is reluctantly accepted in a small Colorado community in exchange for labor, but when a search visits the town she finds out that their support has a price.","English, French","Denmark, Netherlands, Sweden, Germany, United Kingdom, France, Finland, Norway, Italy",21 wins & 33 nominations total,"[{'Source': 'Internet Movie Database', 'Value': '8.0/10'}, {'Source': 'Rotten Tomatoes', 'Value': '70%'}, {'Source': 'Metacritic', 'Value': '61/100'}]",61.0,8.0,"167,066",tt0276919,movie,"$1,535,286"
Melancholia,2011,R,26 May 2011,135,"Drama, Sci-Fi",Lars von Trier,Lars von Trier,"Kirsten Dunst, Charlotte Gainsbourg, Kiefer Sutherland",Two sisters find their already strained relationship challenged as a mysterious new planet threatens to collide with Earth.,English,"Denmark, Sweden, France, Germany, Italy",36 wins & 95 nominations total,"[{'Source': 'Internet Movie Database', 'Value': '7.1/10'}, {'Source': 'Rotten Tomatoes', 'Value': '80%'}, {'Source': 'Metacritic', 'Value': '81/100'}]",81.0,7.1,"206,360",tt1527186,movie,"$3,030,848"
Dancer in the Dark,2000,R,06 Oct 2000,135,"Crime, Drama, Musical",Lars von Trier,"Lars von Trier, Sjón","Björk, Catherine Deneuve, David Morse",An Eastern European US immigrant with a love for musicals has to cope with the gradual loss of her vision.,"English, German, Czech","Denmark, Germany, Netherlands, Italy, United States, United Kingdom, France, Sweden, Finland, Iceland, Norway",Nominated for 1 Oscar. 34 wins & 48 nominations total,"[{'Source': 'Internet Movie Database', 'Value': '7.9/10'}, {'Source': 'Rotten Tomatoes', 'Value': '69%'}, {'Source': 'Metacritic', 'Value': '63/100'}]",63.0,7.9,"122,419",tt0168629,movie,"$4,184,036"
Breaking the Waves,1996,R,13 Nov 1996,153,Drama,Lars von Trier,"Lars von Trier, Peter Asmussen, David Pirie","Emily Watson, Stellan Skarsgård, Katrin Cartlidge","Oilman Jan is paralyzed in an accident. His wife, who prayed for his return, feels guilty; even more, when Jan urges her to have sex with another.",English,"Denmark, Sweden, France, Netherlands, Norway, Iceland, United Kingdom, Finland, Italy, Belgium, Germany, Switzerland, United States",Nominated for 1 Oscar. 45 wins & 28 nominations total,"[{'Source': 'Internet Movie Database', 'Value': '7.8/10'}, {'Source': 'Rotten Tomatoes', 'Value': '84%'}, {'Source': 'Metacritic', 'Value': '82/100'}]",82.0,7.8,"75,170",tt0115751,movie,"$3,803,298"
The Invisible Guest,2016,TV-MA,06 Jan 2017,106,"Crime, Drama, Mystery",Oriol Paulo,"Oriol Paulo, Lara Sendim","Mario Casas, Ana Wagener, Jose Coronado","A young businessman wakes up in a hotel room locked from the inside with the dead body of his lover next to him. He hires a prestigious lawyer, and over one night they work together to clarify what happened in a frenetic race agai...","Spanish, English",Spain,2 wins & 3 nominations total,"[{'Source': 'Internet Movie Database', 'Value': '8.0/10'}, {'Source': 'Rotten Tomatoes', 'Value': '67%'}]",,8.0,"211,110",tt4857264,movie,
Marshland,2014,TV-MA,26 Sep 2014,105,"Crime, Mystery, Thriller",Alberto Rodríguez,"Rafael Cobos, Alberto Rodríguez","Javier Gutiérrez, Raúl Arévalo, María Varod",Two cops lost in the deep south of Spain. One serial killer to catch. A lot of secrets and lies to disclose.,Spanish,Spain,60 wins & 44 nominations total,"[{'Source': 'Internet Movie Database', 'Value': '7.2/10'}, {'Source': 'Rotten Tomatoes', 'Value': '91%'}]",,7.2,"38,179",tt3253930,movie,
The Secret in Their Eyes,2009,R,21 May 2010,129,"Drama, Mystery, Romance",Juan José Campanella,"Eduardo Sacheri, Juan José Campanella","Ricardo Darín, Soledad Villamil, Pablo Rago",A retired legal counselor writes a novel hoping to find closure for one of his past unresolved homicide cases and for his unreciprocated love with his superior--both of which still haunt him decades later.,Spanish,"Argentina, Spain",Won 1 Oscar. 53 wins & 43 nominations total,"[{'Source': 'Internet Movie Database', 'Value': '8.2/10'}, {'Source': 'Rotten Tomatoes', 'Value': '89%'}, {'Source': 'Metacritic', 'Value': '80/100'}]",80.0,8.2,"240,743",tt1305806,movie,"$6,391,436"
Wild Tales,2014,R,21 Aug 2014,122,"Comedy, Drama, Thriller",Damián Szifron,"Julian Loyola, Germán Servidio, Damián Szifron","Darío Grandinetti, María Marull, Mónica Villa",Six short stories that explore the extremities of human behavior involving people in distress.,Spanish,"Argentina, Spain, France, United Kingdom",Nominated for 1 Oscar. 51 wins & 58 nominations total,"[{'Source': 'Internet Movie Database', 'Value': '8.1/10'}, {'Source': 'Rotten Tomatoes', 'Value': '94%'}, {'Source': 'Metacritic', 'Value': '77/100'}]",77.0,8.1,"236,451",tt3011894,movie,"$3,106,530"
Nine Queens,2000,R,31 Aug 2000,114,"Crime, Drama, Thriller",Fabián Bielinsky,Fabián Bielinsky,"Ricardo Darín, Gastón Pauls, Graciela Tenenbaum","Two con artists try to swindle a stamp collector by selling him a sheet of counterfeit rare stamps (the ""nine queens"").",Spanish,Argentina,22 wins & 8 nominations total,"[{'Source': 'Internet Movie Database', 'Value': '7.9/10'}, {'Source': 'Rotten Tomatoes', 'Value': '92%'}, {'Source': 'Metacritic', 'Value': '80/100'}]",80.0,7.9,"61,474",tt0247586,movie,"$1,222,889"
The Motorcycle Diaries,2004,R,15 Oct 2004,126,"Adventure, Biography, Drama",Walter Salles,"Ernesto 'Che' Guevara, Alberto Granado, Jose Rivera","Gael García Bernal, Rodrigo de la Serna, Mía Maestro","Ernesto Guevara de la Serna, popularly known as Che, along with his friend Alberto Granado, decides to take a road trip across South America. His experiences on the journey transform him.","Spanish, Quechua, Mapudungun","United Kingdom, United States, France, Argentina, Peru, Chile, Germany",Won 1 Oscar. 36 wins & 49 nominations total,"[{'Source': 'Internet Movie Database', 'Value': '7.7/10'}, {'Source': 'Rotten Tomatoes', 'Value': '83%'}, {'Source': 'Metacritic', 'Value': '75/100'}]",75.0,7.7,"105,718",tt0318462,movie,"$16,781,387"
Talk to Her,2002,R,14 Feb 2003,112,"Drama, Mystery, Romance",Pedro Almodóvar,Pedro Almodóvar,"Rosario Flores, Javier Cámara, Darío Grandinetti",Two men share an odd friendship while they care for two women who are both in deep comas.,Spanish,"Spain, United States",Won 1 Oscar. 47 wins & 47 nominations total,"[{'Source': 'Internet Movie Database', 'Value': '7.9/10'}, {'Source': 'Rotten Tomatoes', 'Value': '91%'}, {'Source': 'Metacritic', 'Value': '86/100'}]",86.0,7.9,"120,861",tt0287467,movie,"$9,357,911"
All About My Mother,1999,R,31 Mar 2000,101,"Comedy, Drama, Romance",Pedro Almodóvar,Pedro Almodóvar,"Cecilia Roth, Marisa Paredes, Candela Peña","A comedy-drama about a bereaved mother, an overwrought actress, her jealous lover, and a pregnant nun.","Spanish, Catalan","Spain, France",Won 1 Oscar. 59 wins & 40 nominations total,"[{'Source': 'Internet Movie Database', 'Value': '7.8/10'}, {'Source': 'Rotten Tomatoes', 'Value': '98%'}, {'Source': 'Metacritic', 'Value': '87/100'}]",87.0,7.8,"107,945",tt0185125,movie,"$8,344,738"
Volver,2006,R,26 Jan 2007,121,"Comedy, Drama",Pedro Almodóvar,Pedro Almodóvar,"Penélope Cruz, Carmen Maura, Lola Dueñas","After her death, a mother returns to her home town in order to fix the situations she couldn't resolve during her life.",Spanish,"Spain, United Kingdom",Nominated for 1 Oscar. 61 wins & 94 nominations total,"[{'Source': 'Internet Movie Database', 'Value': '7.6/10'}, {'Source': 'Rotten Tomatoes', 'Value': '91%'}, {'Source': 'Metacritic', 'Value': '84/100'}]",84.0,7.6,"112,274",tt0441909,movie,"$12,899,867"
Pan's Labyrinth,2007,R,19 Jan 2007,118,"Drama, Fantasy, War",Guillermo del Toro,Guillermo del Toro,"Ivana Baquero, Ariadna Gil, Sergi López","In 1944 Francoist Spain, an imaginative young girl meets a faun who tells her she's a princess and that she must prove her worthiness by completing three dangerous tasks.",Spanish,"Mexico, Spain",Won 3 Oscars. 109 wins & 115 nominations total,"[{'Source': 'Internet Movie Database', 'Value': '8.2/10'}, {'Source': 'Rotten Tomatoes', 'Value': '95%'}, {'Source': 'Metacritic', 'Value': '98/100'}]",98.0,8.2,"745,954",tt0457430,movie,"$37,646,380"
The Devil's Backbone,2001,R,20 Apr 2001,106,"Drama, Horror, Thriller",Guillermo del Toro,"Guillermo del Toro, Antonio Trashorras, David Muñoz","Marisa Paredes, Eduardo Noriega, Federico Luppi","After Carlos - a 12-year-old whose father has died in the Spanish Civil War - arrives at an ominous boys' orphanage, he discovers the school is haunted and has many dark secrets which he must uncover.",Spanish,"Spain, Mexico",6 wins & 11 nominations total,"[{'Source': 'Internet Movie Database', 'Value': '7.4/10'}, {'Source': 'Rotten Tomatoes', 'Value': '93%'}, {'Source': 'Metacritic', 'Value': '78/100'}]",78.0,7.4,"72,828",tt0256009,movie,"$755,249"
Roma,2018,R,14 Dec 2018,135,Drama,Alfonso Cuarón,Alfonso Cuarón,"Yalitza Aparicio, Marina de Tavira, Diego Cortina Autrey",A year in the life of an upper-middle-class family's maid in Mexico City in the early 1970s.,"Spanish, Mixtec, English, Japanese, German, French, Norwegian","Mexico, United States",Won 3 Oscars. 255 wins & 229 nominations total,"[{'Source': 'Internet Movie Database', 'Value': '7.6/10'}, {'Source': 'Rotten Tomatoes', 'Value': '96%'}, {'Source': 'Metacritic', 'Value': '96/100'}]",96.0,7.6,"176,987",tt6155172,movie,
Y tu mamá también,2001,R,08 Jun 2001,106,Drama,Alfonso Cuarón,"Carlos Cuarón, Alfonso Cuarón","Maribel Verdú, Gael García Bernal, Daniel Giménez Cacho","In Mexico, two teenage boys and an older woman embark on a road trip and learn a thing or two about life and each other.",Spanish,Mexico,Nominated for 1 Oscar. 39 wins & 48 nominations total,"[{'Source': 'Internet Movie Database', 'Value': '7.7/10'}, {'Source': 'Rotten Tomatoes', 'Value': '90%'}, {'Source': 'Metacritic', 'Value': '89/100'}]",89.0,7.7,"136,419",tt0245574,movie,"$13,839,658"
Amores Perros,2000,R,13 Apr 2001,154,"Drama, Thriller",Alejandro G. Iñárritu,Guillermo Arriaga,"Emilio Echevarría, Gael García Bernal, Goya Toledo","An amateur dog fighter, a supermodel, and a derelict assassin, all separately struggling to find love, find their lives transformed by a devastating car wreck in Mexico City.",Spanish,Mexico,Nominated for 1 Oscar. 56 wins & 24 nominations total,"[{'Source': 'Internet Movie Database', 'Value': '8.0/10'}, {'Source': 'Rotten Tomatoes', 'Value': '93%'}, {'Source': 'Metacritic', 'Value': '83/100'}]",83.0,8.0,"271,447",tt0245712,movie,"$5,408,467"
The Shape of Water,2017,R,22 Dec 2017,123,"Drama, Fantasy, Romance",Guillermo del Toro,"Guillermo del Toro, Vanessa Taylor","Sally Hawkins, Octavia Spencer, Michael Shannon","At a top secret research facility in the 1960s, a lonely janitor forms a unique relationship with an amphibious creature that is being held in captivity.","English, American Sign , Russian, French","United States, Mexico",Won 4 Oscars. 138 wins & 350 nominations total,"[{'Source': 'Internet Movie Database', 'Value': '7.3/10'}, {'Source': 'Rotten Tomatoes', 'Value': '92%'}, {'Source': 'Metacritic', 'Value': '87/100'}]",87.0,7.3,"472,626",tt5580390,movie,"$63,859,435"
Babel,2006,R,10 Nov 2006,143,Drama,Alejandro G. Iñárritu,"Guillermo Arriaga, Alejandro G. Iñárritu","Brad Pitt, Cate Blanchett, Gael García Bernal","Tragedy strikes a married couple on vacation in the Moroccan desert, which jump starts an interlocking story involving four different families.","English, Arabic, Spanish, Japanese, Berber languages, French, Russian, Japanese Sign ","United States, Mexico, France, Japan",Won 1 Oscar. 45 wins & 137 nominations total,"[{'Source': 'Internet Movie Database', 'Value': '7.5/10'}, {'Source': 'Rotten Tomatoes', 'Value': '68%'}, {'Source': 'Metacritic', 'Value': '69/100'}]",69.0,7.5,"325,084",tt0449467,movie,"$34,302,837"
21 Grams,2003,R,16 Jan 2004,124,"Crime, Drama, Thriller",Alejandro G. Iñárritu,Guillermo Arriaga,"Sean Penn, Benicio Del Toro, Naomi Watts","A freak accident brings together a critically ill mathematician, a grieving mother, and a born-again ex-con.",English,United States,Nominated for 2 Oscars. 30 wins & 79 nominations total,"[{'Source': 'Internet Movie Database', 'Value': '7.6/10'}, {'Source': 'Rotten Tomatoes', 'Value': '80%'}, {'Source': 'Metacritic', 'Value': '70/100'}]",70.0,7.6,"252,892",tt0315733,movie,"$16,290,476"
Biutiful,2010,R,04 Feb 2011,148,"Drama, Romance",Alejandro G. Iñárritu,"Alejandro G. Iñárritu, Armando Bo, Nicolás Giacobone","Javier Bardem, Maricel Álvarez, Hanaa Bouchaib",A man dying of cancer tries his best to leave the world on his own terms.,"Spanish, Chinese, Wolof","Mexico, Spain",Nominated for 2 Oscars. 21 wins & 65 nominations total,"[{'Source': 'Internet Movie Database', 'Value': '7.4/10'}, {'Source': 'Rotten Tomatoes', 'Value': '66%'}, {'Source': 'Metacritic', 'Value': '58/100'}]",58.0,7.4,"97,232",tt1164999,movie,"$5,101,237"
The Skin I Live In,2011,R,02 Sep 2011,120,"Drama, Mystery, Thriller",Pedro Almodóvar,"Pedro Almodóvar, Agustín Almodóvar, Thierry Jonquet","Antonio Banderas, Elena Anaya, Jan Cornet","A brilliant plastic surgeon, haunted by past tragedies, creates a type of synthetic skin that withstands any kind of damage. His guinea pig: a mysterious and volatile woman who holds the key to his obsession.","Spanish, Japanese, Portuguese","Spain, United States",Won 1 BAFTA Award28 wins & 69 nominations total,"[{'Source': 'Internet Movie Database', 'Value': '7.6/10'}, {'Source': 'Rotten Tomatoes', 'Value': '81%'}, {'Source': 'Metacritic', 'Value': '70/100'}]",70.0,7.6,"178,511",tt1189073,movie,"$3,185,812"
The Platform,2019,TV-MA,20 Mar 2020,94,"Horror, Mystery, Sci-Fi",Galder Gaztelu-Urrutia,"David Desola, Pedro Rivero","Ivan Massagué, Zorion Eguileor, Antonia San Juan","In a prison where inmates are fed on a descending platform, those on the upper levels take more than their fair share while those below are left to starve on scraps and one man decides to change the system.","Spanish, Italian, Russian",Spain,13 wins & 24 nominations total,"[{'Source': 'Internet Movie Database', 'Value': '7.0/10'}, {'Source': 'Rotten Tomatoes', 'Value': '81%'}, {'Source': 'Metacritic', 'Value': '73/100'}]",73.0,7.0,"321,353",tt8228288,movie,
Society of the Snow,2023,R,04 Jan 2024,144,"Adventure, Biography, Drama",J.A. Bayona,"J.A. Bayona, Bernat Vilaplana, Jaime Marques","Enzo Vogrincic, Agustín Pardella, Matías Recalt",The flight of a rugby team crashes on a glacier in the Andes. The few passengers who survive the crash find themselves in one of the world's toughest environments to survive.,Spanish,Spain,Nominated for 2 Oscars. 48 wins & 68 nominations total,"[{'Source': 'Internet Movie Database', 'Value': '7.8/10'}, {'Source': 'Rotten Tomatoes', 'Value': '90%'}, {'Source': 'Metacritic', 'Value': '72/100'}]",72.0,7.8,"170,929",tt16277242,movie,
Timecrimes,2007,R,27 Jun 2008,92,"Horror, Mystery, Sci-Fi",Nacho Vigalondo,Nacho Vigalondo,"Karra Elejalde, Candela Fernández, Bárbara Goenaga",A man accidentally gets into a time machine and travels back in time nearly an hour. Finding himself will be the first of a series of disasters of unforeseeable consequences.,Spanish,Spain,10 wins & 8 nominations total,"[{'Source': 'Internet Movie Database', 'Value': '7.1/10'}, {'Source': 'Rotten Tomatoes', 'Value': '90%'}, {'Source': 'Metacritic', 'Value': '68/100'}]",68.0,7.1,"74,579",tt0480669,movie,"$39,127"
REC,2007,R,23 Nov 2007,78,"Horror, Mystery, Thriller","Jaume Balagueró, Paco Plaza","Jaume Balagueró, Luiso Berdejo, Paco Plaza","Manuela Velasco, Ferran Terraza, Jorge-Yamam Serrano",A television reporter and cameraman follow emergency workers into a dark apartment building and are quickly locked inside with something terrifying.,"Spanish, Japanese",Spain,16 wins & 12 nominations total,"[{'Source': 'Internet Movie Database', 'Value': '7.4/10'}, {'Source': 'Rotten Tomatoes', 'Value': '90%'}, {'Source': 'Metacritic', 'Value': '71/100'}]",71.0,7.4,"211,224",tt1038988,movie,
The Orphanage,2007,R,11 Jan 2008,105,"Drama, Horror, Mystery",J.A. Bayona,Sergio G. Sánchez,"Belén Rueda, Fernando Cayo, Roger Príncep","A woman brings her family back to her childhood home, which used to be an orphanage for handicapped children. Before long, her son starts to communicate with an invisible new friend.",Spanish,"Spain, Mexico, France, Belgium",32 wins & 43 nominations total,"[{'Source': 'Internet Movie Database', 'Value': '7.4/10'}, {'Source': 'Rotten Tomatoes', 'Value': '87%'}, {'Source': 'Metacritic', 'Value': '74/100'}]",74.0,7.4,"169,927",tt0464141,movie,"$7,161,284"
Let the Right One In,2008,R,12 Dec 2008,114,"Drama, Fantasy, Horror",Tomas Alfredson,John Ajvide Lindqvist,"Kåre Hedebrant, Lina Leandersson, Per Ragnar","A bullied boy forms a unique friendship with his new neighbor, a peculiar girl with a dark secret.","Swedish, Spanish","Sweden, Norway, France",Nominated for 1 BAFTA Award76 wins & 58 nominations total,"[{'Source': 'Internet Movie Database', 'Value': '7.8/10'}, {'Source': 'Rotten Tomatoes', 'Value': '98%'}, {'Source': 'Metacritic', 'Value': '82/100'}]",82.0,7.8,"237,229",tt1139797,movie,"$2,122,065"
The Girl with the Dragon Tattoo,2011,R,21 Dec 2011,158,"Crime, Drama, Mystery",David Fincher,"Steven Zaillian, Stieg Larsson","Daniel Craig, Rooney Mara, Christopher Plummer",Journalist Mikael Blomkvist is aided in his search for a woman who has been missing for 40 years by hacker Lisbeth Salander.,"English, Swedish","Sweden, United States",Won 1 Oscar. 26 wins & 91 nominations total,"[{'Source': 'Internet Movie Database', 'Value': '7.8/10'}, {'Source': 'Rotten Tomatoes', 'Value': '86%'}, {'Source': 'Metacritic', 'Value': '71/100'}]",71.0,7.8,"525,793",tt1568346,movie,"$102,515,793"
A Man Called Ove,2015,PG-13,30 Sep 2016,116,"Comedy, Drama, Romance",Hannes Holm,"Hannes Holm, Fredrik Backman","Rolf Lassgård, Bahar Pars, Filip Berg","Ove, an ill-tempered, isolated retiree who spends his days enforcing block association rules and visiting his wife's grave, has finally given up on life just as an unlikely friendship develops with his boisterous new neighbors.","Swedish, Persian, Spanish","Sweden, Denmark, Norway",Nominated for 2 Oscars. 15 wins & 29 nominations total,"[{'Source': 'Internet Movie Database', 'Value': '7.7/10'}, {'Source': 'Rotten Tomatoes', 'Value': '91%'}, {'Source': 'Metacritic', 'Value': '70/100'}]",70.0,7.7,"73,332",tt4080728,movie,"$3,479,315"
The 100 Year-Old Man Who Climbed Out the Window and Disappeared,2013,R,08 May 2015,114,"Adventure, Comedy",Felix Herngren,"Felix Herngren, Hans Ingemansson, Jonas Jonasson","Robert Gustafsson, Iwar Wiklander, David Wiberg","After living a long and colorful life, Allan Karlsson finds himself stuck in a nursing home. On his 100th birthday, he leaps out a window and begins an unexpected journey.","Swedish, German, English, Spanish, French, Russian","Sweden, Croatia, United States, Turkey, Denmark, Netherlands",Nominated for 1 Oscar. 6 wins & 11 nominations total,"[{'Source': 'Internet Movie Database', 'Value': '7.0/10'}, {'Source': 'Rotten Tomatoes', 'Value': '68%'}, {'Source': 'Metacritic', 'Value': '58/100'}]",58.0,7.0,"44,118",tt2113681,movie,"$944,193"
Tinker Tailor Soldier Spy,2011,R,06 Jan 2012,127,"Drama, Mystery, Thriller",Tomas Alfredson,"John le Carré, Bridget O'Connor, Peter Straughan","Gary Oldman, Colin Firth, Tom Hardy","In the bleak days of the Cold War, espionage veteran George Smiley is forced from semi-retirement to uncover a Soviet Agent within MI6.","English, Russian, Hungarian, French, Turkish","United Kingdom, France, Germany, United States, Hungary, Turkey",Nominated for 3 Oscars. 35 wins & 100 nominations total,"[{'Source': 'Internet Movie Database', 'Value': '7.0/10'}, {'Source': 'Rotten Tomatoes', 'Value': '84%'}, {'Source': 'Metacritic', 'Value': '85/100'}]",85.0,7.0,"225,310",tt1340800,movie,"$24,149,393"
The King's Speech,2010,R,25 Dec 2010,118,"Biography, Drama, History",Tom Hooper,David Seidler,"Colin Firth, Geoffrey Rush, Helena Bonham Carter","The story of King George VI, his unexpected ascension to the throne of the British Empire in 1936, and the speech therapist who helped the unsure monarch overcome his stammer.",English,"United States, United Kingdom",Won 4 Oscars. 109 wins & 206 nominations total,"[{'Source': 'Internet Movie Database', 'Value': '8.0/10'}, {'Source': 'Rotten Tomatoes', 'Value': '94%'}, {'Source': 'Metacritic', 'Value': '88/100'}]",88.0,8.0,"732,524",tt1504320,movie,"$138,797,449"
Darkest Hour,2017,PG-13,22 Dec 2017,125,"Biography, Drama, History",Joe Wright,Anthony McCarten,"Gary Oldman, Lily James, Kristin Scott Thomas","In May 1940, the fate of World War II hangs on Winston Churchill, who must decide whether to negotiate with Adolf Hitler, or fight on knowing that it could mean the end of the British Empire.","English, French, German, Italian","United Kingdom, United States, China",Won 2 Oscars. 54 wins & 81 nominations total,"[{'Source': 'Internet Movie Database', 'Value': '7.4/10'}, {'Source': 'Rotten Tomatoes', 'Value': '84%'}, {'Source': 'Metacritic', 'Value': '75/100'}]",75.0,7.4,"236,263",tt4555426,movie,"$56,468,410"
1917,2020,R,10 Jan 2020,119,"Action, Drama, War",Sam Mendes,"Sam Mendes, Krysty Wilson-Cairns","Dean-Charles Chapman, George MacKay, Daniel Mays","April 6th, 1917. As an infantry battalion assembles to wage war deep in enemy territory, two soldiers are assigned to race against time and deliver a message that will stop 1,600 men from walking straight into a deadly trap.","English, French, German","United Kingdom, United States, India, Spain",Won 3 Oscars. 137 wins & 202 nominations total,"[{'Source': 'Internet Movie Database', 'Value': '8.2/10'}, {'Source': 'Rotten Tomatoes', 'Value': '88%'}, {'Source': 'Metacritic', 'Value': '78/100'}]",78.0,8.2,"769,457",tt8579674,movie,"$159,227,644"
Dunkirk,2017,PG-13,21 Jul 2017,106,"Action, Drama, History",Christopher Nolan,Christopher Nolan,"Fionn Whitehead, Barry Keoghan, Mark Rylance","Allied soldiers from Belgium, the British Commonwealth and Empire, and France are surrounded by the German Army and evacuated during a fierce battle in World War II.","English, French, German","United Kingdom, Netherlands, France, United States",Won 3 Oscars. 68 wins & 236 nominations total,"[{'Source': 'Internet Movie Database', 'Value': '7.8/10'}, {'Source': 'Rotten Tomatoes', 'Value': '92%'}, {'Source': 'Metacritic', 'Value': '94/100'}]",94.0,7.8,"800,591",tt5013056,movie,"$189,740,665"
Fury,2014,R,17 Oct 2014,134,"Action, Drama, War",David Ayer,David Ayer,"Brad Pitt, Shia LaBeouf, Logan Lerman","A grizzled tank commander makes tough decisions as he and his crew fight their way across Germany in April, 1945.","English, German","United States, China, United Kingdom",6 wins & 23 nominations total,"[{'Source': 'Internet Movie Database', 'Value': '7.6/10'}, {'Source': 'Rotten Tomatoes', 'Value': '75%'}, {'Source': 'Metacritic', 'Value': '64/100'}]",64.0,7.6,"607,560",tt2713180,movie,"$85,817,906"
Hacksaw Ridge,2016,R,04 Nov 2016,139,"Biography, Drama, History",Mel Gibson,"Robert Schenkkan, Andrew Knight","Andrew Garfield, Sam Worthington, Luke Bracey","World War II American Army Medic Desmond T. Doss, serving during the Battle of Okinawa, refuses to kill people and becomes the first man in American history to receive the Medal of Honor without firing a shot.","English, Japanese",United States,Won 2 Oscars. 57 wins & 115 nominations total,"[{'Source': 'Internet Movie Database', 'Value': '8.1/10'}, {'Source': 'Rotten Tomatoes', 'Value': '84%'}, {'Source': 'Metacritic', 'Value': '71/100'}]",71.0,8.1,"679,234",tt2119532,movie,"$67,209,615"
Platoon,1986,R,19 Dec 1986,120,"Drama, War",Oliver Stone,Oliver Stone,"Charlie Sheen, Tom Berenger, Willem Dafoe","Chris Taylor, a neophyte recruit in Vietnam, finds himself caught in a battle of wills between two sergeants, one good and the other evil. A shrewd examination of the brutality of war and the duality of man in conflict.","English, Vietnamese","United States, United Kingdom",Won 4 Oscars. 24 wins & 16 nominations total,"[{'Source': 'Internet Movie Database', 'Value': '8.1/10'}, {'Source': 'Rotten Tomatoes', 'Value': '89%'}, {'Source': 'Metacritic', 'Value': '92/100'}]",92.0,8.1,"472,202",tt0091763,movie,"$138,530,565"
The Thin Red Line,1998,R,15 Jan 1999,170,"Drama, History, War",Terrence Malick,"James Jones, Terrence Malick","Jim Caviezel, Sean Penn, Nick Nolte","Adaptation of James Jones' autobiographical 1962 novel, focusing on the conflict at Guadalcanal during the second World War.","English, Tok Pisin, Japanese, Greek",United States,Nominated for 7 Oscars. 23 wins & 47 nominations total,"[{'Source': 'Internet Movie Database', 'Value': '7.6/10'}, {'Source': 'Rotten Tomatoes', 'Value': '80%'}, {'Source': 'Metacritic', 'Value': '78/100'}]",78.0,7.6,"211,802",tt0120863,movie,"$36,400,491"
Letters from Iwo Jima,2006,R,02 Feb 2007,141,"Action, Adventure, Drama",Clint Eastwood,"Iris Yamashita, Paul Haggis, Tadamichi Kuribayashi","Ken Watanabe, Kazunari Ninomiya, Tsuyoshi Ihara","The story of the battle of Iwo Jima between the United States and Imperial Japan during World War II, as told from the perspective of the Japanese who fought it.","Japanese, English",United States,Won 1 Oscar. 25 wins & 39 nominations total,"[{'Source': 'Internet Movie Database', 'Value': '7.8/10'}, {'Source': 'Rotten Tomatoes', 'Value': '91%'}, {'Source': 'Metacritic', 'Value': '89/100'}]",89.0,7.8,"175,999",tt0498380,movie,"$13,756,082"
Flags of Our Fathers,2006,R,20 Oct 2006,135,"Action, Adventure, Drama",Clint Eastwood,"William Broyles Jr., Paul Haggis, James Bradley","Ryan Phillippe, Jesse Bradford, Adam Beach","The life stories of the six men who raised the flag at the Battle of Iwo Jima, a turning point in World War II.",English,United States,Nominated for 2 Oscars. 16 wins & 28 nominations total,"[{'Source': 'Internet Movie Database', 'Value': '7.1/10'}, {'Source': 'Rotten Tomatoes', 'Value': '76%'}, {'Source': 'Metacritic', 'Value': '79/100'}]",79.0,7.1,"133,207",tt0418689,movie,"$33,602,376"
All Quiet on the Western Front,2022,R,28 Oct 2022,148,"Drama, History, War",Edward Berger,"Edward Berger, Lesley Paterson, Ian Stokell","Felix Kammerer, Albrecht Schuch, Aaron Hilmer",A young German soldier's eagerness to serve his country quickly fades when he witnesses the horrors of combat on the Western Front during World War I.,"German, French","Germany, United States, United Kingdom",Won 4 Oscars. 59 wins & 89 nominations total,"[{'Source': 'Internet Movie Database', 'Value': '7.8/10'}, {'Source': 'Rotten Tomatoes', 'Value': '90%'}, {'Source': 'Metacritic', 'Value': '76/100'}]",76.0,7.8,"310,448",tt1016150,movie,
The Deer Hunter,1979,R,23 Feb 1979,183,"Drama, War",Michael Cimino,"Michael Cimino, Deric Washburn, Louis Garfinkle","Robert De Niro, Christopher Walken, John Cazale",The lives of a group of friends are forever changed by the Vietnam War.,"English, Vietnamese, French, Russian, Cantonese","United States, United Kingdom",Won 5 Oscars. 24 wins & 27 nominations total,"[{'Source': 'Internet Movie Database', 'Value': '8.1/10'}, {'Source': 'Rotten Tomatoes', 'Value': '86%'}, {'Source': 'Metacritic', 'Value': '90/100'}]",90.0,8.1,"386,553",tt0077416,movie,"$48,979,328"
Paths of Glory,1957,Approved,25 Dec 1957,88,"Drama, War",Stanley Kubrick,"Stanley Kubrick, Calder Willingham, Jim Thompson","Kirk Douglas, Ralph Meeker, Adolphe Menjou",A colonel defends three of his soldiers in a court-martial after they abandon a suicidal attack.,"English, German, Latin",United States,Nominated for 1 BAFTA Award5 wins & 3 nominations total,"[{'Source': 'Internet Movie Database', 'Value': '8.4/10'}, {'Source': 'Rotten Tomatoes', 'Value': '96%'}, {'Source': 'Metacritic', 'Value': '90/100'}]",90.0,8.4,"237,303",tt0050825,movie,
Lawrence of Arabia,1962,PG,02 Apr 2013,227,"Adventure, Biography, Drama",David Lean,"Robert Bolt, Michael Wilson","Peter O'Toole, Alec Guinness, Anthony Quinn","The story of T.E. Lawrence, the English officer who successfully united and led the diverse, often warring, Arab tribes during World War I in order to fight the Turks.","English, Arabic, Turkish","United Kingdom, United States",Won 7 Oscars. 31 wins & 14 nominations total,"[{'Source': 'Internet Movie Database', 'Value': '8.3/10'}, {'Source': 'Rotten Tomatoes', 'Value': '93%'}, {'Source': 'Metacritic', 'Value': '100/100'}]",100.0,8.3,"334,419",tt0056172,movie,"$45,306,425"
The Bridge on the River Kwai,1957,PG,14 Dec 1957,161,"Adventure, Drama, War",David Lean,"Pierre Boulle, Carl Foreman, Michael Wilson","William Holden, Alec Guinness, Jack Hawkins","British POWs are forced to build a railway bridge across the river Kwai for their Japanese captors in occupied Burma, not knowing that the allied forces are planning a daring commando raid through the jungle to destroy it.","English, Japanese, Thai","United Kingdom, United States",Won 7 Oscars. 30 wins & 7 nominations total,"[{'Source': 'Internet Movie Database', 'Value': '8.1/10'}, {'Source': 'Rotten Tomatoes', 'Value': '96%'}, {'Source': 'Metacritic', 'Value': '88/100'}]",88.0,8.1,"247,433",tt0050212,movie,"$27,200,000"
Ben-Hur,1959,G,18 Nov 1959,212,"Adventure, Drama",William Wyler,"Lew Wallace, Karl Tunberg, Maxwell Anderson","Charlton Heston, Jack Hawkins, Stephen Boyd","A Jewish prince is betrayed and sent into slavery by a Roman friend in 1st-century Jerusalem, but it's not long before he regains his freedom and comes back for revenge.",English,United States,Won 11 Oscars. 29 wins & 13 nominations total,"[{'Source': 'Internet Movie Database', 'Value': '8.1/10'}, {'Source': 'Rotten Tomatoes', 'Value': '87%'}, {'Source': 'Metacritic', 'Value': '90/100'}]",90.0,8.1,"269,891",tt0052618,movie,"$74,432,704"
Troy,2004,R,14 May 2004,163,"Action, Adventure, Drama",Wolfgang Petersen,"Homer, David Benioff","Brad Pitt, Eric Bana, Orlando Bloom","An adaptation of Homer's great epic, the film follows the assault on Troy by the united Greek forces.",English,"United Kingdom, Malta, Bulgaria, United States",Nominated for 1 Oscar. 5 wins & 23 nominations total,"[{'Source': 'Internet Movie Database', 'Value': '7.3/10'}, {'Source': 'Rotten Tomatoes', 'Value': '53%'}, {'Source': 'Metacritic', 'Value': '56/100'}]",56.0,7.3,"609,875",tt0332452,movie,"$133,378,256"
Kingdom of Heaven,2005,R,06 May 2005,144,"Action, Adventure, Drama",Ridley Scott,William Monahan,"Orlando Bloom, Eva Green, Liam Neeson","Balian of Ibelin travels to Jerusalem during the Crusades of the 12th century, and there he finds himself as the defender of the city and its people.","English, Arabic, Latin, Italian, German","United Kingdom, Germany, Spain, Morocco, United States, Italy, France",5 wins & 15 nominations total,"[{'Source': 'Internet Movie Database', 'Value': '7.3/10'}, {'Source': 'Rotten Tomatoes', 'Value': '39%'}, {'Source': 'Metacritic', 'Value': '63/100'}]",63.0,7.3,"347,384",tt0320661,movie,"$47,527,678"
300,2006,R,09 Mar 2007,117,"Action, Drama",Zack Snyder,"Zack Snyder, Kurt Johnstad, Michael B. Gordon","Gerard Butler, Lena Headey, David Wenham","In the ancient battle of Thermopylae, King Leonidas and 300 Spartans fight against Xerxes and his massive Persian army.",English,"United States, Canada, Bulgaria",19 wins & 57 nominations total,"[{'Source': 'Internet Movie Database', 'Value': '7.6/10'}, {'Source': 'Rotten Tomatoes', 'Value': '61%'}, {'Source': 'Metacritic', 'Value': '52/100'}]",52.0,7.6,"904,962",tt0416449,movie,"$210,629,101"
The Last Samurai,2003,R,05 Dec 2003,154,"Action, Drama",Edward Zwick,"John Logan, Edward Zwick, Marshall Herskovitz","Tom Cruise, Ken Watanabe, Billy Connolly","In 19th century Japan, Nathan Algren, a US army captain, is hired by the Japanese emperor to train his army in the modern warfare techniques. Captain Algren finds himself trapped in a struggle between two eras and two worlds.","English, Japanese, Spanish, Danish","United States, New Zealand, Japan",Nominated for 4 Oscars. 20 wins & 67 nominations total,"[{'Source': 'Internet Movie Database', 'Value': '7.8/10'}, {'Source': 'Rotten Tomatoes', 'Value': '65%'}, {'Source': 'Metacritic', 'Value': '55/100'}]",55.0,7.8,"499,167",tt0325710,movie,"$111,127,263"
Braveheart,1995,R,24 May 1995,178,"Biography, Drama, War",Mel Gibson,Randall Wallace,"Mel Gibson, Sophie Marceau, Patrick McGoohan",Scottish warrior William Wallace leads his countrymen in a rebellion to free his homeland from the tyranny of King Edward I of England.,"English, French, Latin, Gaelic, Italian",United States,Won 5 Oscars. 34 wins & 34 nominations total,"[{'Source': 'Internet Movie Database', 'Value': '8.3/10'}, {'Source': 'Rotten Tomatoes', 'Value': '74%'}, {'Source': 'Metacritic', 'Value': '68/100'}]",68.0,8.3,"1,155,463",tt0112573,movie,"$75,609,945"
Apocalypto,2006,R,08 Dec 2006,139,"Action, Adventure, Drama",Mel Gibson,"Mel Gibson, Farhad Safinia","Gerardo Taracena, Raoul Max Trujillo, Dalia Hernández","As the Mayan kingdom faces its decline, a young man is taken on a perilous journey to a world ruled by fear and oppression.","Maya, English","United States, Mexico",Nominated for 3 Oscars. 9 wins & 23 nominations total,"[{'Source': 'Internet Movie Database', 'Value': '7.8/10'}, {'Source': 'Rotten Tomatoes', 'Value': '65%'}, {'Source': 'Metacritic', 'Value': '68/100'}]",68.0,7.8,"355,188",tt0472043,movie,"$50,866,635"
The Passion of the Christ,2004,R,25 Feb 2004,127,Drama,Mel Gibson,"Benedict Fitzgerald, Mel Gibson","Jim Caviezel, Monica Bellucci, Maia Morgenstern","Depicts the final twelve hours in the life of Jesus of Nazareth, on the day of his crucifixion in Jerusalem.","Aramaic, Latin, Hebrew, English",United States,Nominated for 3 Oscars. 30 wins & 24 nominations total,"[{'Source': 'Internet Movie Database', 'Value': '7.3/10'}, {'Source': 'Rotten Tomatoes', 'Value': '50%'}, {'Source': 'Metacritic', 'Value': '47/100'}]",47.0,7.3,"273,731",tt0335345,movie,"$370,782,930"
Master and Commander: The Far Side of the World,2003,PG-13,14 Nov 2003,138,"Action, Adventure, Drama",Peter Weir,"Patrick O'Brian, Peter Weir, John Collee","Russell Crowe, Paul Bettany, Billy Boyd","During the Napoleonic Wars, a brash British captain pushes his ship and crew to their limits in pursuit of a formidable French war vessel around South America.","English, French, Portuguese",United States,Won 2 Oscars. 23 wins & 90 nominations total,"[{'Source': 'Internet Movie Database', 'Value': '7.5/10'}, {'Source': 'Rotten Tomatoes', 'Value': '85%'}, {'Source': 'Metacritic', 'Value': '81/100'}]",81.0,7.5,"253,886",tt0311113,movie,"$93,927,920"
Cast Away,2000,PG-13,22 Dec 2000,143,"Adventure, Drama, Romance",Robert Zemeckis,William Broyles Jr.,"Tom Hanks, Helen Hunt, Paul Sanchez",A FedEx executive undergoes a physical and emotional transformation after crash landing on a deserted island.,"English, Russian",United States,Nominated for 2 Oscars. 15 wins & 36 nominations total,"[{'Source': 'Internet Movie Database', 'Value': '7.8/10'}, {'Source': 'Rotten Tomatoes', 'Value': '88%'}, {'Source': 'Metacritic', 'Value': '74/100'}]",74.0,7.8,"676,631",tt0162222,movie,"$233,632,142"
Captain Phillips,2013,PG-13,11 Oct 2013,134,"Action, Biography, Crime",Paul Greengrass,"Billy Ray, Richard Phillips, Stephan Talty","Tom Hanks, Barkhad Abdi, Barkhad Abdirahman","The true story of Captain Richard Phillips and the 2009 hijacking by Somali pirates of the U.S.-flagged MV Maersk Alabama, the first American cargo ship to be hijacked in two hundred years.","English, Somali","United States, United Kingdom, Malta",Nominated for 6 Oscars. 17 wins & 155 nominations total,"[{'Source': 'Internet Movie Database', 'Value': '7.8/10'}, {'Source': 'Rotten Tomatoes', 'Value': '93%'}, {'Source': 'Metacritic', 'Value': '82/100'}]",82.0,7.8,"516,908",tt1535109,movie,"$107,100,855"
Sully,2016,PG-13,09 Sep 2016,96,"Biography, Drama, History",Clint Eastwood,"Todd Komarnicki, Chesley Sullenberger, Jeffrey Zaslow","Tom Hanks, Aaron Eckhart, Laura Linney","When pilot Chesley ""Sully"" Sullenberger lands his damaged plane on the Hudson River in order to save the flight's passengers and crew, some consider him a hero while others think he was reckless.",English,United States,Nominated for 1 Oscar. 14 wins & 36 nominations total,"[{'Source': 'Internet Movie Database', 'Value': '7.4/10'}, {'Source': 'Rotten Tomatoes', 'Value': '85%'}, {'Source': 'Metacritic', 'Value': '74/100'}]",74.0,7.4,"320,206",tt3263904,movie,"$125,070,033"
United 93,2006,R,28 Apr 2006,111,"Action, Drama, History",Paul Greengrass,Paul Greengrass,"David Alan Basche, Olivia Thirlby, Liza Colón-Zayas","A real-time account of the events on United Flight 93, one of the planes hijacked on September 11th, 2001 that crashed near Shanksville, Pennsylvania when passengers foiled the terrorist plot.","English, Arabic, German","United Kingdom, France, United States",Nominated for 2 Oscars. 29 wins & 58 nominations total,"[{'Source': 'Internet Movie Database', 'Value': '7.6/10'}, {'Source': 'Rotten Tomatoes', 'Value': '90%'}, {'Source': 'Metacritic', 'Value': '90/100'}]",90.0,7.6,"114,855",tt0475276,movie,"$31,483,450"
Apollo 13,1995,PG,30 Jun 1995,140,"Adventure, Drama, History",Ron Howard,"Jim Lovell, Jeffrey Kluger, William Broyles Jr.","Tom Hanks, Bill Paxton, Kevin Bacon",NASA must devise a strategy to return Apollo 13 to Earth safely after the spacecraft undergoes massive internal damage putting the lives of the three astronauts on board in jeopardy.,English,United States,Won 2 Oscars. 31 wins & 59 nominations total,"[{'Source': 'Internet Movie Database', 'Value': '7.7/10'}, {'Source': 'Rotten Tomatoes', 'Value': '92%'}, {'Source': 'Metacritic', 'Value': '78/100'}]",78.0,7.7,"334,301",tt0112384,movie,"$174,692,658"
First Man,2018,PG-13,12 Oct 2018,141,"Biography, Drama, History",Damien Chazelle,"Josh Singer, James R. Hansen","Ryan Gosling, Claire Foy, Jason Clarke","A look back at the life of astronaut Neil Armstrong and the legendary space mission that led him to become the first man to walk on the Moon on July 20, 1969.",English,"United States, China, Japan",Won 1 Oscar. 32 wins & 192 nominations total,"[{'Source': 'Internet Movie Database', 'Value': '7.3/10'}, {'Source': 'Rotten Tomatoes', 'Value': '87%'}, {'Source': 'Metacritic', 'Value': '84/100'}]",84.0,7.3,"214,353",tt1213641,movie,"$44,936,545"
The Right Stuff,1983,PG,17 Feb 1984,193,"Adventure, Biography, Drama",Philip Kaufman,"Philip Kaufman, Tom Wolfe","Sam Shepard, Scott Glenn, Ed Harris","The U.S. space program's development from the breaking of the sound barrier to selection of the Mercury 7 astronauts, from a group of test pilots with a more seat-of-the-pants approach than the program's more cautious engineers pr...","English, Russian, Spanish",United States,Won 4 Oscars. 12 wins & 16 nominations total,"[{'Source': 'Internet Movie Database', 'Value': '7.8/10'}, {'Source': 'Rotten Tomatoes', 'Value': '96%'}, {'Source': 'Metacritic', 'Value': '91/100'}]",91.0,7.8,"67,160",tt0086197,movie,"$21,192,102"
Hidden Figures,2016,PG,06 Jan 2017,127,"Biography, Drama, History",Theodore Melfi,"Allison Schroeder, Theodore Melfi, Margot Lee Shetterly","Taraji P. Henson, Octavia Spencer, Janelle Monáe",Three female African-American mathematicians play a pivotal role in astronaut John Glenn's launch into orbit while dealing with racial and gender discrimination.,English,United States,Nominated for 3 Oscars. 37 wins & 94 nominations total,"[{'Source': 'Internet Movie Database', 'Value': '7.8/10'}, {'Source': 'Rotten Tomatoes', 'Value': '93%'}, {'Source': 'Metacritic', 'Value': '74/100'}]",74.0,7.8,"285,729",tt4846340,movie,"$169,607,287"
The Elephant Man,1980,PG,10 Oct 1980,124,"Biography, Drama",David Lynch,"Christopher De Vore, Eric Bergren, David Lynch","Anthony Hopkins, John Hurt, Anne Bancroft","A Victorian surgeon rescues a heavily-disfigured and mistreated young man working as a sideshow freak, who gradually reveals his capacity for kindness, intelligence and sophistication.","English, French","United States, United Kingdom",Nominated for 8 Oscars. 11 wins & 22 nominations total,"[{'Source': 'Internet Movie Database', 'Value': '8.2/10'}, {'Source': 'Rotten Tomatoes', 'Value': '91%'}, {'Source': 'Metacritic', 'Value': '78/100'}]",78.0,8.2,"279,177",tt0080678,movie,"$26,010,864"
American Beauty,1999,R,01 Oct 1999,122,Drama,Sam Mendes,Alan Ball,"Kevin Spacey, Annette Bening, Thora Birch",A sexually frustrated suburban father has a mid-life crisis after becoming infatuated with his daughter's best friend.,English,United States,Won 5 Oscars. 112 wins & 102 nominations total,"[{'Source': 'Internet Movie Database', 'Value': '8.3/10'}, {'Source': 'Rotten Tomatoes', 'Value': '87%'}, {'Source': 'Metacritic', 'Value': '84/100'}]",84.0,8.3,"1,272,515",tt0169547,movie,"$130,096,601"
The Butterfly Effect,2004,R,23 Jan 2004,113,"Drama, Sci-Fi, Thriller","Eric Bress, J. Mackye Gruber","J. Mackye Gruber, Eric Bress","Ashton Kutcher, Amy Smart, Melora Walters","Evan Treborn suffers blackouts during significant events of his life. As he grows up, he finds a way to remember these lost memories and a supernatural way to alter his life by reading his journal.",English,"United States, Canada",1 win & 8 nominations total,"[{'Source': 'Internet Movie Database', 'Value': '7.6/10'}, {'Source': 'Rotten Tomatoes', 'Value': '34%'}, {'Source': 'Metacritic', 'Value': '30/100'}]",30.0,7.6,"553,359",tt0289879,movie,"$57,938,693"
Donnie Darko,2001,R,19 Jan 2001,113,"Drama, Mystery, Sci-Fi",Richard Kelly,Richard Kelly,"Jake Gyllenhaal, Jena Malone, Mary McDonnell","After narrowly escaping a bizarre accident, a troubled teenager is plagued by visions of a man in a large rabbit suit who manipulates him to commit a series of crimes.",English,United States,12 wins & 17 nominations total,"[{'Source': 'Internet Movie Database', 'Value': '8.0/10'}, {'Source': 'Rotten Tomatoes', 'Value': '88%'}, {'Source': 'Metacritic', 'Value': '88/100'}]",88.0,8.0,"906,192",tt0246578,movie,"$1,478,493"
The Machinist,2004,R,03 Dec 2004,101,"Drama, Thriller",Brad Anderson,Scott Kosar,"Christian Bale, Jennifer Jason Leigh, Aitana Sánchez-Gijón",An industrial worker who hasn't slept in a year begins to doubt his own sanity.,"English, Spanish","Spain, United States",7 wins & 15 nominations total,"[{'Source': 'Internet Movie Database', 'Value': '7.6/10'}, {'Source': 'Rotten Tomatoes', 'Value': '77%'}, {'Source': 'Metacritic', 'Value': '61/100'}]",61.0,7.6,"439,507",tt0361862,movie,"$1,082,715"
The Game,1997,R,12 Sep 1997,129,"Drama, Mystery, Thriller",David Fincher,"John Brancato, Michael Ferris","Michael Douglas, Deborah Kara Unger, Sean Penn",A mysterious game invades a man's ordered existence.,"English, Cantonese, German, Spanish, Thai",United States,1 nomination total,"[{'Source': 'Internet Movie Database', 'Value': '7.7/10'}, {'Source': 'Rotten Tomatoes', 'Value': '77%'}, {'Source': 'Metacritic', 'Value': '63/100'}]",63.0,7.7,"465,745",tt0119174,movie,"$48,323,648"
The Place Beyond the Pines,2012,R,19 Apr 2013,140,"Crime, Drama, Thriller",Derek Cianfrance,"Derek Cianfrance, Ben Coccio, Darius Marder","Ryan Gosling, Bradley Cooper, Eva Mendes",A stunt rider turns into a robber in order to lead a happy life with his child and lover and grabs the attention of a police officer. They both get on a collision course that affects their families.,"English, Spanish",United States,5 wins & 22 nominations total,"[{'Source': 'Internet Movie Database', 'Value': '7.3/10'}, {'Source': 'Rotten Tomatoes', 'Value': '79%'}, {'Source': 'Metacritic', 'Value': '68/100'}]",68.0,7.3,"307,174",tt1817273,movie,"$21,403,519"
Drive,2011,R,16 Sep 2011,100,"Action, Drama",Nicolas Winding Refn,"Hossein Amini, James Sallis","Ryan Gosling, Carey Mulligan, Bryan Cranston",A mysterious Hollywood action film stuntman gets in trouble with gangsters when he tries to help his neighbor's husband rob a pawn shop while serving as his getaway driver.,"English, Spanish",United States,Nominated for 1 Oscar. 79 wins & 180 nominations total,"[{'Source': 'Internet Movie Database', 'Value': '7.8/10'}, {'Source': 'Rotten Tomatoes', 'Value': '93%'}, {'Source': 'Metacritic', 'Value': '79/100'}]",79.0,7.8,"761,197",tt0780504,movie,"$35,061,555"
Nightcrawler,2014,R,31 Oct 2014,117,"Crime, Drama, Thriller",Dan Gilroy,Dan Gilroy,"Jake Gyllenhaal, Rene Russo, Bill Paxton",A petty thief desperate for work muscles into the world of crime journalism and becomes the star of his own story as he blurs the line between observer and participant.,English,United States,Nominated for 1 Oscar. 46 wins & 126 nominations total,"[{'Source': 'Internet Movie Database', 'Value': '7.8/10'}, {'Source': 'Rotten Tomatoes', 'Value': '95%'}, {'Source': 'Metacritic', 'Value': '76/100'}]",76.0,7.8,"662,221",tt2872718,movie,"$32,381,217"
Nocturnal Animals,2016,R,09 Dec 2016,116,"Drama, Thriller",Tom Ford,"Tom Ford, Austin Wright","Amy Adams, Jake Gyllenhaal, Michael Shannon","A wealthy art gallery owner is haunted by her ex-husband's novel, her memories of their relationship, and her regrets about her life.",English,"United States, China",Nominated for 1 Oscar. 21 wins & 154 nominations total,"[{'Source': 'Internet Movie Database', 'Value': '7.4/10'}, {'Source': 'Rotten Tomatoes', 'Value': '74%'}, {'Source': 'Metacritic', 'Value': '67/100'}]",67.0,7.4,"331,564",tt4550098,movie,"$10,663,357"
Under the Silver Lake,2018,R,19 Apr 2019,139,"Crime, Horror, Mystery",David Robert Mitchell,David Robert Mitchell,"Andrew Garfield, Riley Keough, Topher Grace","Sam, a disenchanted young man, finds a mysterious woman swimming in his apartment's pool one night. The next morning, she disappears. Sam sets off across LA to find her, and along the way he uncovers a conspiracy far more bizarre.",English,United States,3 wins & 9 nominations total,"[{'Source': 'Internet Movie Database', 'Value': '6.5/10'}, {'Source': 'Rotten Tomatoes', 'Value': '58%'}, {'Source': 'Metacritic', 'Value': '60/100'}]",60.0,6.5,"58,554",tt5691670,movie,"$46,083"
The Menu,2022,R,18 Nov 2022,107,"Comedy, Horror, Thriller",Mark Mylod,"Seth Reiss, Will Tracy","Ralph Fiennes, Anya Taylor-Joy, Nicholas Hoult","A young couple travels to a remote island to eat at an exclusive restaurant where the chef has prepared a lavish menu, with some shocking surprises.","English, Spanish",United States,2 wins & 68 nominations total,"[{'Source': 'Internet Movie Database', 'Value': '7.2/10'}, {'Source': 'Rotten Tomatoes', 'Value': '88%'}, {'Source': 'Metacritic', 'Value': '71/100'}]",71.0,7.2,"496,461",tt9764362,movie,"$38,501,125"
Ready or Not,2019,R,21 Aug 2019,95,"Action, Comedy, Horror","Matt Bettinelli-Olpin, Tyler Gillett","Guy Busick, R. Christopher Murphy","Samara Weaving, Adam Brody, Mark O'Brien",A bride's wedding night takes a sinister turn when her eccentric new in-laws force her to take part in a terrifying game.,"English, Latin","United States, Canada",4 wins & 24 nominations total,"[{'Source': 'Internet Movie Database', 'Value': '6.9/10'}, {'Source': 'Rotten Tomatoes', 'Value': '89%'}, {'Source': 'Metacritic', 'Value': '64/100'}]",64.0,6.9,"243,060",tt7798634,movie,"$28,714,231"
Knives Out,2019,PG-13,27 Nov 2019,130,"Comedy, Crime, Drama",Rian Johnson,Rian Johnson,"Daniel Craig, Chris Evans, Ana de Armas","When renowned crime novelist Harlan Thrombey is found dead at his estate just after his 85th birthday, the inquisitive and debonair Detective Benoit Blanc is mysteriously enlisted to investigate.",English,United States,Nominated for 1 Oscar. 52 wins & 114 nominations total,"[{'Source': 'Internet Movie Database', 'Value': '7.9/10'}, {'Source': 'Rotten Tomatoes', 'Value': '97%'}, {'Source': 'Metacritic', 'Value': '82/100'}]",82.0,7.9,"875,016",tt8946378,movie,"$165,363,234"
Glass Onion,2022,PG-13,23 Dec 2022,139,"Comedy, Crime, Drama",Rian Johnson,Rian Johnson,"Daniel Craig, Edward Norton, Kate Hudson","Tech billionaire Miles Bron invites his friends for a getaway on his private Greek island. When someone turns up dead, Detective Benoit Blanc is put on the case.","English, French",United States,Nominated for 1 Oscar. 53 wins & 140 nominations total,"[{'Source': 'Internet Movie Database', 'Value': '7.1/10'}, {'Source': 'Rotten Tomatoes', 'Value': '91%'}, {'Source': 'Metacritic', 'Value': '81/100'}]",81.0,7.1,"522,178",tt11564570,movie,"$13,280,000"
The Nice Guys,2016,R,20 May 2016,116,"Action, Comedy, Crime",Shane Black,"Shane Black, Anthony Bagarozzi","Russell Crowe, Ryan Gosling, Angourie Rice","In 1970s Los Angeles, a mismatched pair of private eyes investigate a missing girl and the mysterious death of a porn star.","English, German","United Kingdom, United States",9 wins & 34 nominations total,"[{'Source': 'Internet Movie Database', 'Value': '7.4/10'}, {'Source': 'Rotten Tomatoes', 'Value': '91%'}, {'Source': 'Metacritic', 'Value': '70/100'}]",70.0,7.4,"410,135",tt3799694,movie,"$36,261,763"
Kiss Kiss Bang Bang,2005,R,11 Nov 2005,103,"Comedy, Crime, Mystery",Shane Black,"Brett Halliday, Shane Black","Robert Downey Jr., Val Kilmer, Michelle Monaghan","After being mistaken for an actor, a New York thief is sent to Hollywood to train under a private eye for a potential movie role, but the duo are thrown together with a struggling actress into a murder mystery.",English,United States,5 wins & 16 nominations total,"[{'Source': 'Internet Movie Database', 'Value': '7.4/10'}, {'Source': 'Rotten Tomatoes', 'Value': '86%'}, {'Source': 'Metacritic', 'Value': '73/100'}]",73.0,7.4,"248,557",tt0373469,movie,"$4,243,756"
Snatch,2001,R,19 Jan 2001,102,"Comedy, Crime",Guy Ritchie,Guy Ritchie,"Jason Statham, Brad Pitt, Stephen Graham","Unscrupulous boxing promoters, violent bookmakers, a Russian gangster, incompetent amateur robbers and supposedly Jewish jewelers fight to track down a priceless stolen diamond.","English, Russian","United Kingdom, United States",4 wins & 7 nominations total,"[{'Source': 'Internet Movie Database', 'Value': '8.2/10'}, {'Source': 'Rotten Tomatoes', 'Value': '74%'}, {'Source': 'Metacritic', 'Value': '55/100'}]",55.0,8.2,"976,126",tt0208092,movie,"$30,328,156"
"Lock, Stock and Two Smoking Barrels",1998,R,28 Aug 1998,107,"Comedy, Crime",Guy Ritchie,Guy Ritchie,"Jason Flemyng, Dexter Fletcher, Nick Moran","When four small-time criminals lose a rigged poker game against a London kingpin, he gives them one week to settle their enormous debt.",English,"United Kingdom, United States",Won 1 BAFTA Award. 13 wins & 9 nominations total,"[{'Source': 'Internet Movie Database', 'Value': '8.1/10'}, {'Source': 'Rotten Tomatoes', 'Value': '75%'}, {'Source': 'Metacritic', 'Value': '67/100'}]",67.0,8.1,"649,801",tt0120735,movie,"$3,753,929"
RocknRolla,2008,R,31 Oct 2008,114,"Action, Crime, Thriller",Guy Ritchie,Guy Ritchie,"Gerard Butler, Tom Wilkinson, Idris Elba","When a Russian mobster orchestrates a crooked land deal, millions of dollars are up for grabs, drawing in the entire London underworld into a feeding frenzy at a time when the old criminal regime is losing turf to a wealthy foreig...","English, Russian","United Kingdom, United States, France",1 win & 5 nominations total,"[{'Source': 'Internet Movie Database', 'Value': '7.2/10'}, {'Source': 'Rotten Tomatoes', 'Value': '60%'}, {'Source': 'Metacritic', 'Value': '53/100'}]",53.0,7.2,"272,877",tt1032755,movie,"$5,700,626"
The Gentlemen,2019,R,24 Jan 2020,113,"Action, Comedy, Crime",Guy Ritchie,"Guy Ritchie, Ivan Atkinson, Marn Davies","Matthew McConaughey, Charlie Hunnam, Michelle Dockery","An American expat tries to sell off his highly profitable marijuana empire in London, triggering plots, schemes, bribery and blackmail in an attempt to steal his domain out from under him.","English, Russian, Spanish, Chinese","United States, United Kingdom",1 win & 4 nominations total,"[{'Source': 'Internet Movie Database', 'Value': '7.8/10'}, {'Source': 'Rotten Tomatoes', 'Value': '75%'}, {'Source': 'Metacritic', 'Value': '51/100'}]",51.0,7.8,"452,815",tt8367814,movie,"$36,471,795"
Layer Cake,2004,R,03 Jun 2005,105,"Crime, Drama, Thriller",Matthew Vaughn,J.J. Connolly,"Daniel Craig, Sienna Miller, Michael Gambon",A successful cocaine dealer gets two tough assignments from his boss on the eve of his planned early retirement.,"English, Romanian","United Kingdom, United States",Nominated for 1 BAFTA Award2 wins & 9 nominations total,"[{'Source': 'Internet Movie Database', 'Value': '7.2/10'}, {'Source': 'Rotten Tomatoes', 'Value': '81%'}, {'Source': 'Metacritic', 'Value': '73/100'}]",73.0,7.2,"206,962",tt0375912,movie,"$2,339,957"
Sherlock Holmes,2009,PG-13,25 Dec 2009,128,"Action, Adventure, Mystery",Guy Ritchie,"Michael Robert Johnson, Anthony Peckham, Simon Kinberg","Robert Downey Jr., Jude Law, Rachel McAdams",Detective Sherlock Holmes and his stalwart partner Watson engage in a battle of wits and brawn with a nemesis whose plot is a threat to all of England.,"English, French","United States, Germany",Nominated for 2 Oscars. 10 wins & 31 nominations total,"[{'Source': 'Internet Movie Database', 'Value': '7.5/10'}, {'Source': 'Rotten Tomatoes', 'Value': '69%'}, {'Source': 'Metacritic', 'Value': '57/100'}]",57.0,7.5,"702,387",tt0988045,movie,"$209,028,679"
Sherlock Holmes: A Game of Shadows,2011,PG-13,16 Dec 2011,129,"Action, Adventure, Mystery",Guy Ritchie,"Michele Mulroney, Kieran Mulroney, Arthur Conan Doyle","Robert Downey Jr., Jude Law, Jared Harris","Detective Sherlock Holmes is on the trail of criminal mastermind Professor Moriarty, who is carrying out a string of random crimes across Europe.","English, Romany, German, Italian, French",United States,3 wins & 10 nominations total,"[{'Source': 'Internet Movie Database', 'Value': '7.4/10'}, {'Source': 'Rotten Tomatoes', 'Value': '60%'}, {'Source': 'Metacritic', 'Value': '48/100'}]",48.0,7.4,"498,829",tt1515091,movie,"$186,848,418"
V for Vendetta,2006,R,17 Mar 2006,132,"Action, Drama, Sci-Fi",James McTeigue,"Lilly Wachowski, Lana Wachowski, David Lloyd","Hugo Weaving, Natalie Portman, Rupert Graves",A young woman living in a dystopian society meets a shadowy freedom fighter who is plotting to overthrow their tyrannical government.,"English, French, Latin, Spanish",United States,7 wins & 29 nominations total,"[{'Source': 'Internet Movie Database', 'Value': '8.1/10'}, {'Source': 'Rotten Tomatoes', 'Value': '73%'}, {'Source': 'Metacritic', 'Value': '62/100'}]",62.0,8.1,"1,245,161",tt0434409,movie,"$70,511,035"
Watchmen,2009,R,06 Mar 2009,162,"Action, Drama, Mystery",Zack Snyder,"Dave Gibbons, David Hayter, Alex Tse","Jackie Earle Haley, Patrick Wilson, Carla Gugino","In a version of 1985 where superheroes exist, the murder of a colleague sends active vigilante Rorschach on the trail of a conspiracy that will change the course of history.",English,United States,12 wins & 24 nominations total,"[{'Source': 'Internet Movie Database', 'Value': '7.6/10'}, {'Source': 'Rotten Tomatoes', 'Value': '64%'}, {'Source': 'Metacritic', 'Value': '56/100'}]",56.0,7.6,"608,552",tt0409459,movie,"$107,509,799"
Sin City,2005,R,01 Apr 2005,124,"Crime, Thriller","Frank Miller, Quentin Tarantino, Robert Rodriguez","Frank Miller, Robert Rodriguez","Mickey Rourke, Clive Owen, Bruce Willis","An exploration of the dark and miserable Basin City and three of its residents, all of whom are caught up in violent corruption.",English,United States,38 wins & 54 nominations total,"[{'Source': 'Internet Movie Database', 'Value': '8.0/10'}, {'Source': 'Rotten Tomatoes', 'Value': '76%'}, {'Source': 'Metacritic', 'Value': '74/100'}]",74.0,8.0,"816,686",tt0401792,movie,"$74,103,820"
The Dark Knight Rises,2012,PG-13,20 Jul 2012,164,"Action, Crime, Drama",Christopher Nolan,"Jonathan Nolan, Christopher Nolan, David S. Goyer","Christian Bale, Tom Hardy, Anne Hathaway","Bane, an imposing terrorist, attacks Gotham City and disrupts its eight-year-long period of peace. This forces Bruce Wayne to come out of hiding and don the cape and cowl of Batman again.","English, Arabic","United Kingdom, United States",Nominated for 1 BAFTA Award. 45 wins & 103 nominations total,"[{'Source': 'Internet Movie Database', 'Value': '8.4/10'}, {'Source': 'Rotten Tomatoes', 'Value': '87%'}, {'Source': 'Metacritic', 'Value': '78/100'}]",78.0,8.4,"1,990,749",tt1345836,movie,"$448,149,584"
Batman Begins,2005,PG-13,15 Jun 2005,140,"Action, Crime, Drama",Christopher Nolan,"Bob Kane, David S. Goyer, Christopher Nolan","Christian Bale, Michael Caine, Ken Watanabe","After witnessing his parents' death, billionaire Bruce Wayne learns the art of fighting to confront injustice. When he returns to Gotham as Batman, he must stop a secret society that intends to destroy the city.","English, Mandarin","United States, United Kingdom",Nominated for 1 Oscar. 15 wins & 79 nominations total,"[{'Source': 'Internet Movie Database', 'Value': '8.2/10'}, {'Source': 'Rotten Tomatoes', 'Value': '85%'}, {'Source': 'Metacritic', 'Value': '70/100'}]",70.0,8.2,"1,709,629",tt0372784,movie,"$206,863,479"
Joker,2019,R,04 Oct 2019,122,"Crime, Drama, Thriller",Todd Phillips,"Todd Phillips, Scott Silver, Bob Kane","Joaquin Phoenix, Robert De Niro, Zazie Beetz","Arthur Fleck, a party clown and a failed stand-up comedian, leads an impoverished life with his ailing mother. However, when society shuns him and brands him as a freak, he decides to embrace the life of chaos in Gotham City.","English, German","United States, Canada, Australia",Won 2 Oscars. 120 wins & 247 nominations total,"[{'Source': 'Internet Movie Database', 'Value': '8.3/10'}, {'Source': 'Rotten Tomatoes', 'Value': '68%'}, {'Source': 'Metacritic', 'Value': '59/100'}]",59.0,8.3,"1,690,149",tt7286456,movie,"$335,477,657"
The Batman,2022,PG-13,04 Mar 2022,176,"Action, Crime, Drama",Matt Reeves,"Matt Reeves, Peter Craig, Bob Kane","Robert Pattinson, Zoë Kravitz, Jeffrey Wright","When a sadistic serial killer begins murdering key political figures in Gotham, the Batman is forced to investigate the city's hidden corruption and question his family's involvement.","English, Spanish, Latin, Italian",United States,Nominated for 3 Oscars. 40 wins & 176 nominations total,"[{'Source': 'Internet Movie Database', 'Value': '7.8/10'}, {'Source': 'Rotten Tomatoes', 'Value': '85%'}, {'Source': 'Metacritic', 'Value': '72/100'}]",72.0,7.8,"923,764",tt1877830,movie,"$369,801,546"
Logan,2017,R,03 Mar 2017,137,"Action, Drama, Sci-Fi",James Mangold,"James Mangold, Scott Frank, Michael Green","Hugh Jackman, Patrick Stewart, Dafne Keen","In a future where mutants are nearly extinct, an elderly and weary Logan leads a quiet life. But when Laura, a mutant child pursued by scientists, comes to him for help, he must get her to safety.","English, Spanish",United States,Nominated for 1 Oscar. 28 wins & 82 nominations total,"[{'Source': 'Internet Movie Database', 'Value': '8.1/10'}, {'Source': 'Rotten Tomatoes', 'Value': '93%'}, {'Source': 'Metacritic', 'Value': '77/100'}]",77.0,8.1,"917,281",tt3315342,movie,"$226,277,068"
Deadpool,2016,R,12 Feb 2016,108,"Action, Comedy, Sci-Fi",Tim Miller,"Rhett Reese, Paul Wernick","Ryan Reynolds, Morena Baccarin, T.J. Miller","A wisecracking mercenary gets experimented on and becomes immortal yet hideously scarred, and sets out to track down the man who ruined his looks.",English,United States,29 wins & 78 nominations total,"[{'Source': 'Internet Movie Database', 'Value': '8.0/10'}, {'Source': 'Rotten Tomatoes', 'Value': '85%'}, {'Source': 'Metacritic', 'Value': '65/100'}]",65.0,8.0,"1,250,978",tt1431045,movie,"$363,070,709"
Deadpool 2,2018,R,18 May 2018,119,"Action, Adventure, Comedy",David Leitch,"Rhett Reese, Paul Wernick, Ryan Reynolds","Ryan Reynolds, Josh Brolin, Morena Baccarin","Foul-mouthed mutant mercenary Wade Wilson (a.k.a. Deadpool) assembles a team of fellow mutant rogues to protect a young boy with abilities from the brutal, time-traveling cyborg Cable.","English, Cantonese, Spanish, Russian","United States, Canada",6 wins & 53 nominations total,"[{'Source': 'Internet Movie Database', 'Value': '7.6/10'}, {'Source': 'Rotten Tomatoes', 'Value': '83%'}, {'Source': 'Metacritic', 'Value': '66/100'}]",66.0,7.6,"742,720",tt5463162,movie,"$324,591,735"
X-Men: Days of Future Past,2014,PG-13,23 May 2014,132,"Action, Adventure, Sci-Fi",Bryan Singer,"Simon Kinberg, Jane Goldman, Matthew Vaughn","Patrick Stewart, Ian McKellen, Hugh Jackman",The X-Men send Wolverine to the past in a desperate effort to change history and prevent an event that results in doom for both humans and mutants.,"English, Vietnamese, French, Russian","United Kingdom, United States, Canada",Nominated for 1 Oscar. 16 wins & 48 nominations total,"[{'Source': 'Internet Movie Database', 'Value': '7.9/10'}, {'Source': 'Rotten Tomatoes', 'Value': '90%'}, {'Source': 'Metacritic', 'Value': '75/100'}]",75.0,7.9,"786,991",tt1877832,movie,"$233,921,534"
X-Men: First Class,2011,PG-13,03 Jun 2011,131,"Action, Sci-Fi",Matthew Vaughn,"Ashley E. Miller, Zack Stentz, Jane Goldman","James McAvoy, Michael Fassbender, Jennifer Lawrence","In the 1960s, superpowered humans Charles Xavier and Erik Lensherr work together to find others like them, but Erik's vengeful pursuit of an ambitious mutant who ruined his life causes a schism to divide them.","English, German, French, Spanish, Russian","United States, United Kingdom",22 wins & 40 nominations total,"[{'Source': 'Internet Movie Database', 'Value': '7.7/10'}, {'Source': 'Rotten Tomatoes', 'Value': '86%'}, {'Source': 'Metacritic', 'Value': '65/100'}]",65.0,7.7,"763,121",tt1270798,movie,"$146,408,305"
Spider-Man,2002,PG-13,03 May 2002,121,"Action, Adventure, Sci-Fi",Sam Raimi,"Stan Lee, Steve Ditko, David Koepp","Tobey Maguire, Kirsten Dunst, Willem Dafoe","After being bitten by a genetically-modified spider, a shy teenager gains spider-like abilities that he uses to fight injustice as a masked superhero and face a vengeful enemy.",English,United States,Nominated for 2 Oscars. 17 wins & 65 nominations total,"[{'Source': 'Internet Movie Database', 'Value': '7.4/10'}, {'Source': 'Rotten Tomatoes', 'Value': '90%'}, {'Source': 'Metacritic', 'Value': '73/100'}]",73.0,7.4,"958,249",tt0145487,movie,"$408,524,875"
Spider-Man 2,2004,PG-13,30 Jun 2004,127,"Action, Adventure, Sci-Fi",Sam Raimi,"Stan Lee, Steve Ditko, Alfred Gough","Tobey Maguire, Kirsten Dunst, Alfred Molina",Peter Parker is beset with troubles in his failing personal life as he battles a former brilliant scientist named Otto Octavius.,"English, Russian, Chinese",United States,Won 1 Oscar. 25 wins & 60 nominations total,"[{'Source': 'Internet Movie Database', 'Value': '7.5/10'}, {'Source': 'Rotten Tomatoes', 'Value': '93%'}, {'Source': 'Metacritic', 'Value': '83/100'}]",83.0,7.5,"777,496",tt0316654,movie,"$375,087,840"
Spider-Man: Into the Spider-Verse,2018,PG,14 Dec 2018,117,"Animation, Action, Adventure","Bob Persichetti, Peter Ramsey, Rodney Rothman","Phil Lord, Rodney Rothman","Shameik Moore, Jake Johnson, Hailee Steinfeld",Teen Miles Morales becomes the Spider-Man of his universe and must join with five spider-powered individuals from other dimensions to stop a threat for all realities.,"English, Spanish","Canada, United States",Won 1 Oscar. 85 wins & 60 nominations total,"[{'Source': 'Internet Movie Database', 'Value': '8.4/10'}, {'Source': 'Rotten Tomatoes', 'Value': '97%'}, {'Source': 'Metacritic', 'Value': '87/100'}]",87.0,8.4,"777,014",tt4633694,movie,"$190,241,310"
Spider-Man: Across the Spider-Verse,2023,PG,02 Jun 2023,140,"Animation, Action, Adventure","Joaquim Dos Santos, Kemp Powers, Justin K. Thompson","Phil Lord, Christopher Miller, Dave Callaham","Shameik Moore, Hailee Steinfeld, Brian Tyree Henry","Traveling across the multiverse, Miles Morales meets a new team of Spider-People, made up of heroes from different dimensions. But when the heroes clash over how to deal with a new threat, Miles finds himself at a crossroads.",English,United States,Nominated for 1 Oscar. 107 wins & 164 nominations total,"[{'Source': 'Internet Movie Database', 'Value': '8.5/10'}, {'Source': 'Rotten Tomatoes', 'Value': '95%'}, {'Source': 'Metacritic', 'Value': '86/100'}]",86.0,8.5,"509,515",tt9362722,movie,"$381,593,754"
Iron Man,2008,PG-13,02 May 2008,126,"Action, Adventure, Sci-Fi",Jon Favreau,"Mark Fergus, Hawk Ostby, Art Marcum","Robert Downey Jr., Gwyneth Paltrow, Terrence Howard","After being held captive in an Afghan cave, billionaire engineer Tony Stark creates a unique weaponized suit of armor to fight evil.","English, Persian, Urdu, Arabic, Kurdish, Hindi, Hungarian","United States, Canada",Nominated for 2 Oscars. 24 wins & 73 nominations total,"[{'Source': 'Internet Movie Database', 'Value': '7.9/10'}, {'Source': 'Rotten Tomatoes', 'Value': '94%'}, {'Source': 'Metacritic', 'Value': '79/100'}]",79.0,7.9,"1,223,183",tt0371746,movie,"$319,034,126"
Captain America: The Winter Soldier,2014,PG-13,04 Apr 2014,136,"Action, Adventure, Sci-Fi","Anthony Russo, Joe Russo","Christopher Markus, Stephen McFeely, Joe Simon","Chris Evans, Samuel L. Jackson, Scarlett Johansson","As Steve Rogers struggles to embrace his role in the modern world, he teams up with a fellow Avenger and S.H.I.E.L.D agent, Black Widow, to battle a new threat from history: an assassin known as the Winter Soldier.","English, French",United States,Nominated for 1 Oscar. 5 wins & 52 nominations total,"[{'Source': 'Internet Movie Database', 'Value': '7.7/10'}, {'Source': 'Rotten Tomatoes', 'Value': '90%'}, {'Source': 'Metacritic', 'Value': '70/100'}]",70.0,7.7,"970,692",tt1843866,movie,"$259,766,572"
Avengers: Infinity War,2018,PG-13,27 Apr 2018,149,"Action, Adventure, Sci-Fi","Anthony Russo, Joe Russo","Christopher Markus, Stephen McFeely, Stan Lee","Robert Downey Jr., Chris Hemsworth, Mark Ruffalo",The Avengers and their allies must be willing to sacrifice all in an attempt to defeat the powerful Thanos before his blitz of devastation and ruin puts an end to the universe.,English,"United States, Norway",Nominated for 1 Oscar. 48 wins & 80 nominations total,"[{'Source': 'Internet Movie Database', 'Value': '8.4/10'}, {'Source': 'Rotten Tomatoes', 'Value': '85%'}, {'Source': 'Metacritic', 'Value': '68/100'}]",68.0,8.4,"1,368,739",tt4154756,movie,"$678,815,482"
Avengers: Endgame,2019,PG-13,26 Apr 2019,181,"Action, Adventure, Sci-Fi","Anthony Russo, Joe Russo","Christopher Markus, Stephen McFeely, Stan Lee","Robert Downey Jr., Chris Evans, Mark Ruffalo","After the devastating events of Avengers: Infinity War (2018), the universe is in ruins. With the help of remaining allies, the Avengers assemble once more in order to reverse Thanos' actions and restore balance to the universe.","English, Japanese, Xhosa, German",United States,Nominated for 1 Oscar. 71 wins & 132 nominations total,"[{'Source': 'Internet Movie Database', 'Value': '8.4/10'}, {'Source': 'Rotten Tomatoes', 'Value': '94%'}, {'Source': 'Metacritic', 'Value': '78/100'}]",78.0,8.4,"1,483,215",tt4154796,movie,"$858,373,000"
Guardians of the Galaxy,2014,PG-13,01 Aug 2014,121,"Action, Adventure, Comedy",James Gunn,"James Gunn, Nicole Perlman, Dan Abnett","Chris Pratt, Vin Diesel, Bradley Cooper",A group of intergalactic criminals must pull together to stop a fanatical warrior with plans to purge the universe.,English,"United States, United Kingdom",Nominated for 2 Oscars. 52 wins & 103 nominations total,"[{'Source': 'Internet Movie Database', 'Value': '8.0/10'}, {'Source': 'Rotten Tomatoes', 'Value': '91%'}, {'Source': 'Metacritic', 'Value': '76/100'}]",76.0,8.0,"1,362,435",tt2015381,movie,"$333,718,600"
Guardians of the Galaxy: Vol. 2,2017,PG-13,05 May 2017,136,"Action, Adventure, Comedy",James Gunn,"James Gunn, Dan Abnett, Andy Lanning","Chris Pratt, Zoe Saldaña, Dave Bautista","The Guardians struggle to keep together as a team while dealing with their personal family issues, notably Star-Lord's encounter with his father, the ambitious celestial being Ego.",English,United States,Nominated for 1 Oscar. 15 wins & 62 nominations total,"[{'Source': 'Internet Movie Database', 'Value': '7.6/10'}, {'Source': 'Rotten Tomatoes', 'Value': '85%'}, {'Source': 'Metacritic', 'Value': '67/100'}]",67.0,7.6,"828,114",tt3896198,movie,"$389,813,101"
Thor: Ragnarok,2017,PG-13,03 Nov 2017,130,"Action, Adventure, Comedy",Taika Waititi,"Eric Pearson, Craig Kyle, Christopher Yost","Chris Hemsworth, Tom Hiddleston, Cate Blanchett","Imprisoned on the planet Sakaar, Thor must race against time to return to Asgard and stop Ragnarök, the destruction of his world, at the hands of the powerful and ruthless villain Hela.",English,United States,6 wins & 50 nominations total,"[{'Source': 'Internet Movie Database', 'Value': '7.9/10'}, {'Source': 'Rotten Tomatoes', 'Value': '93%'}, {'Source': 'Metacritic', 'Value': '74/100'}]",74.0,7.9,"892,533",tt3501632,movie,"$315,058,289"
Doctor Strange,2016,PG-13,04 Nov 2016,115,"Action, Adventure, Fantasy",Scott Derrickson,"Jon Spaihts, Scott Derrickson, C. Robert Cargill","Benedict Cumberbatch, Chiwetel Ejiofor, Rachel McAdams","While on a journey of physical and spiritual healing, a brilliant neurosurgeon is drawn into the world of the mystic arts.",English,"United States, Hong Kong, Nepal",Nominated for 1 Oscar. 21 wins & 68 nominations total,"[{'Source': 'Internet Movie Database', 'Value': '7.5/10'}, {'Source': 'Rotten Tomatoes', 'Value': '89%'}, {'Source': 'Metacritic', 'Value': '72/100'}]",72.0,7.5,"877,590",tt1211837,movie,"$232,641,920"
Black Panther,2018,PG-13,16 Feb 2018,134,"Action, Adventure, Sci-Fi",Ryan Coogler,"Ryan Coogler, Joe Robert Cole, Stan Lee","Chadwick Boseman, Michael B. Jordan, Lupita Nyong'o","T'Challa, heir to the hidden but advanced kingdom of Wakanda, must step forward to lead his people into a new future and must confront a challenger from his country's past.","English, Swahili, Nama, Xhosa, Korean",United States,Won 3 Oscars. 125 wins & 289 nominations total,"[{'Source': 'Internet Movie Database', 'Value': '7.3/10'}, {'Source': 'Rotten Tomatoes', 'Value': '96%'}, {'Source': 'Metacritic', 'Value': '88/100'}]",88.0,7.3,"907,405",tt1825683,movie,"$700,426,566"
Man of Steel,2013,PG-13,14 Jun 2013,143,"Action, Adventure, Sci-Fi",Zack Snyder,"David S. Goyer, Christopher Nolan, Jerry Siegel","Henry Cavill, Amy Adams, Michael Shannon",An alien child is evacuated from his dying world and sent to Earth to live among humans. His peace is threatened when other survivors of his home planet invade Earth.,English,"United Kingdom, United States",Nominated for 1 BAFTA Award. 7 wins & 46 nominations total,"[{'Source': 'Internet Movie Database', 'Value': '7.1/10'}, {'Source': 'Rotten Tomatoes', 'Value': '56%'}, {'Source': 'Metacritic', 'Value': '55/100'}]",55.0,7.1,"865,769",tt0770828,movie,"$291,045,518"
Superman,2025,PG-13,11 Jul 2025,129,"Action, Adventure, Sci-Fi",James Gunn,"James Gunn, Jerry Siegel, Joe Shuster","David Corenswet, Rachel Brosnahan, Nicholas Hoult","Superman must reconcile his alien Kryptonian heritage with his human upbringing as reporter Clark Kent. As the embodiment of truth, justice and the American way he soon finds himself in a world that views these as old-fashioned.",English,United States,7 wins & 82 nominations total,"[{'Source': 'Internet Movie Database', 'Value': '7.0/10'}, {'Source': 'Rotten Tomatoes', 'Value': '83%'}, {'Source': 'Metacritic', 'Value': '68/100'}]",68.0,7.0,"436,184",tt5950044,movie,"$354,223,803"
Wonder Woman,2017,PG-13,02 Jun 2017,141,"Action, Adventure, Fantasy",Patty Jenkins,"Allan Heinberg, Zack Snyder, Jason Fuchs","Gal Gadot, Chris Pine, Robin Wright","When a pilot crashes and tells of conflict in the outside world, Diana, an Amazonian warrior in training, leaves home to fight a war, discovering her full powers and true destiny.","English, German, Dutch, Flemish, French, Spanish, Chinese, Greek, Ancient (to 1453), North American Indian","United States, China, Hong Kong",37 wins & 76 nominations total,"[{'Source': 'Internet Movie Database', 'Value': '7.3/10'}, {'Source': 'Rotten Tomatoes', 'Value': '93%'}, {'Source': 'Metacritic', 'Value': '76/100'}]",76.0,7.3,"732,467",tt0451279,movie,"$412,845,172"
The Matrix Reloaded,2003,R,15 May 2003,138,"Action, Sci-Fi","Lana Wachowski, Lilly Wachowski","Lilly Wachowski, Lana Wachowski","Keanu Reeves, Laurence Fishburne, Carrie-Anne Moss","Freedom fighters Neo, Trinity and Morpheus continue to lead the revolt against the Machine Army, unleashing their arsenal of extraordinary skills and weaponry against the systematic forces of repression and exploitation.","English, French, Italian",United States,8 wins & 34 nominations total,"[{'Source': 'Internet Movie Database', 'Value': '7.2/10'}, {'Source': 'Rotten Tomatoes', 'Value': '74%'}, {'Source': 'Metacritic', 'Value': '62/100'}]",62.0,7.2,"666,077",tt0234215,movie,"$281,576,461"
The Matrix Revolutions,2003,R,05 Nov 2003,129,"Action, Sci-Fi","Lana Wachowski, Lilly Wachowski","Lilly Wachowski, Lana Wachowski","Keanu Reeves, Laurence Fishburne, Carrie-Anne Moss",The human city of Zion defends itself against the massive invasion of the machines as Neo fights to end the war at another front while also opposing the rogue Agent Smith.,"English, French","United States, Australia",5 wins & 36 nominations total,"[{'Source': 'Internet Movie Database', 'Value': '6.7/10'}, {'Source': 'Rotten Tomatoes', 'Value': '33%'}, {'Source': 'Metacritic', 'Value': '47/100'}]",47.0,6.7,"572,491",tt0242653,movie,"$139,313,948"
Terminator 3: Rise of the Machines,2003,R,02 Jul 2003,109,"Action, Sci-Fi",Jonathan Mostow,"John Brancato, Michael Ferris, Tedi Sarafian","Arnold Schwarzenegger, Nick Stahl, Kristanna Loken","John Connor must face a female Terminator with power over all the machines. But a new Terminator unit, a T-850, is sent back through time to help guide him through the coming battle.",English,"United Kingdom, Germany, United States",3 wins & 24 nominations total,"[{'Source': 'Internet Movie Database', 'Value': '6.3/10'}, {'Source': 'Rotten Tomatoes', 'Value': '70%'}, {'Source': 'Metacritic', 'Value': '66/100'}]",66.0,6.3,"435,195",tt0181852,movie,"$150,371,112"
Predator,1987,R,12 Jun 1987,107,"Action, Adventure, Horror",John McTiernan,"Jim Thomas, John Thomas","Arnold Schwarzenegger, Carl Weathers, Kevin Peter Hall",A team of commandos on a mission in a Central American jungle find themselves hunted by an extraterrestrial warrior.,"English, Spanish, Russian","United States, Mexico",Nominated for 1 Oscar. 3 wins & 6 nominations total,"[{'Source': 'Internet Movie Database', 'Value': '7.8/10'}, {'Source': 'Rotten Tomatoes', 'Value': '65%'}, {'Source': 'Metacritic', 'Value': '47/100'}]",47.0,7.8,"499,718",tt0093773,movie,"$59,735,548"
RoboCop,1987,R,17 Jul 1987,102,"Action, Crime, Sci-Fi",Paul Verhoeven,"Edward Neumeier, Michael Miner","Peter Weller, Nancy Allen, Dan O'Herlihy","In a violent future in Old Detroit, murdered police officer Alex Murphy is resurrected as RoboCop, a powerful cyborg law enforcer. As he fights crime, he begins to recover memories of his past and seeks revenge on the gang who kil...",English,United States,Nominated for 2 Oscars. 11 wins & 13 nominations total,"[{'Source': 'Internet Movie Database', 'Value': '7.6/10'}, {'Source': 'Rotten Tomatoes', 'Value': '84%'}, {'Source': 'Metacritic', 'Value': '70/100'}]",70.0,7.6,"306,168",tt0093870,movie,"$53,424,681"
Total Recall,1990,R,01 Jun 1990,113,"Action, Adventure, Sci-Fi",Paul Verhoeven,"Philip K. Dick, Ronald Shusett, Dan O'Bannon","Arnold Schwarzenegger, Sharon Stone, Michael Ironside","When a man goes in to have virtual vacation memories of the planet Mars implanted in his mind, an unexpected and harrowing series of events forces him to go to the planet for real - or is he?",English,"United States, Mexico, Netherlands",Nominated for 2 Oscars. 7 wins & 16 nominations total,"[{'Source': 'Internet Movie Database', 'Value': '7.5/10'}, {'Source': 'Rotten Tomatoes', 'Value': '80%'}, {'Source': 'Metacritic', 'Value': '60/100'}]",60.0,7.5,"378,339",tt0100802,movie,"$119,412,921"
Die Hard,1988,R,20 Jul 1988,132,"Action, Thriller",John McTiernan,"Roderick Thorp, Jeb Stuart, Steven E. de Souza","Bruce Willis, Alan Rickman, Bonnie Bedelia","A New York City cop, John McClane, tries to save his estranged wife and several others taken hostage by terrorists during a Christmas Eve party at the Nakatomi Plaza Skyscraper in Los Angeles, California.","English, German, Italian, Japanese",United States,Nominated for 4 Oscars. 8 wins & 8 nominations total,"[{'Source': 'Internet Movie Database', 'Value': '8.2/10'}, {'Source': 'Rotten Tomatoes', 'Value': '94%'}, {'Source': 'Metacritic', 'Value': '72/100'}]",72.0,8.2,"1,021,784",tt0095016,movie,"$85,892,546"
Die Hard with a Vengeance,1995,R,19 May 1995,128,"Action, Adventure, Thriller",John McTiernan,"Jonathan Hensleigh, Roderick Thorp","Bruce Willis, Jeremy Irons, Samuel L. Jackson","John McClane is forced out of suspension to play a game of ""Simon Says"" by a terrorist who has planted bombs all around New York City and will detonate them if McClane doesn't do what he says.","English, German, Romanian",United States,2 wins & 3 nominations total,"[{'Source': 'Internet Movie Database', 'Value': '7.6/10'}, {'Source': 'Rotten Tomatoes', 'Value': '60%'}, {'Source': 'Metacritic', 'Value': '58/100'}]",58.0,7.6,"428,742",tt0112864,movie,"$100,012,499"
Lethal Weapon,1987,R,06 Mar 1987,109,"Action, Crime, Thriller",Richard Donner,"Shane Black, Jeffrey Boam","Mel Gibson, Danny Glover, Gary Busey",Two newly paired cops who are complete opposites must put aside their differences in order to catch a gang of drug smugglers.,English,United States,Nominated for 1 Oscar. 5 wins & 3 nominations total,"[{'Source': 'Internet Movie Database', 'Value': '7.6/10'}, {'Source': 'Rotten Tomatoes', 'Value': '82%'}, {'Source': 'Metacritic', 'Value': '68/100'}]",68.0,7.6,"294,178",tt0093409,movie,"$65,207,127"
Mad Max: Fury Road,2015,R,15 May 2015,120,"Action, Adventure, Sci-Fi",George Miller,"George Miller, Brendan McCarthy, Nick Lathouris","Tom Hardy, Charlize Theron, Nicholas Hoult","In a post-apocalyptic wasteland, a woman rebels against a tyrannical ruler in search for her homeland with the aid of a group of female prisoners, a psychotic worshipper and a drifter named Max.","English, Russian","Australia, United States",Won 6 Oscars. 245 wins & 234 nominations total,"[{'Source': 'Internet Movie Database', 'Value': '8.1/10'}, {'Source': 'Rotten Tomatoes', 'Value': '97%'}, {'Source': 'Metacritic', 'Value': '90/100'}]",90.0,8.1,"1,198,396",tt1392190,movie,"$154,280,290"
Furiosa: A Mad Max Saga,2024,R,24 May 2024,148,"Action, Adventure, Sci-Fi",George Miller,"George Miller, Nick Lathouris","Anya Taylor-Joy, Chris Hemsworth, Tom Burke","After being snatched from the Green Place of Many Mothers, while the tyrants Dementus and Immortan Joe fight for power and control, the young Furiosa must survive many trials as she puts together the means to find her way home.","English, Romanian, Italian","Australia, United States",29 wins & 128 nominations total,"[{'Source': 'Internet Movie Database', 'Value': '7.5/10'}, {'Source': 'Rotten Tomatoes', 'Value': '90%'}, {'Source': 'Metacritic', 'Value': '79/100'}]",79.0,7.5,"311,953",tt12037194,movie,"$67,475,791"
The Road Warrior,1981,R,21 May 1982,96,"Action, Adventure, Sci-Fi",George Miller,"Terry Hayes, George Miller, Brian Hannant","Mel Gibson, Bruce Spence, Michael Preston","In the post-apocalyptic Australian wasteland, a cynical drifter agrees to help a small, gasoline-rich community get rid of a horde of bandits.",English,Australia,8 wins & 12 nominations total,"[{'Source': 'Internet Movie Database', 'Value': '7.6/10'}, {'Source': 'Rotten Tomatoes', 'Value': '93%'}, {'Source': 'Metacritic', 'Value': '77/100'}]",77.0,7.6,"211,905",tt0082694,movie,"$23,667,907"
Casino Royale,2006,PG-13,17 Nov 2006,144,"Action, Adventure, Thriller",Martin Campbell,"Neal Purvis, Robert Wade, Paul Haggis","Daniel Craig, Eva Green, Judi Dench","After earning a licence to kill, secret agent James Bond sets out on his first mission as 007. Bond must defeat a private banker funding terrorists in a high-stakes game of poker at Casino Royale, in Montenegro.","English, Serbian, German, Italian, French","United States, United Kingdom, Czech Republic, Germany, Bahamas, Italy",Won 1 BAFTA Award28 wins & 44 nominations total,"[{'Source': 'Internet Movie Database', 'Value': '8.0/10'}, {'Source': 'Rotten Tomatoes', 'Value': '94%'}, {'Source': 'Metacritic', 'Value': '80/100'}]",80.0,8.0,"739,664",tt0381061,movie,"$167,445,960"
Skyfall,2012,PG-13,09 Nov 2012,143,"Action, Adventure, Thriller",Sam Mendes,"Neal Purvis, Robert Wade, John Logan","Daniel Craig, Javier Bardem, Naomie Harris","James Bond's loyalty to M is tested when her past comes back to haunt her. When MI6 comes under attack, 007 must track down and destroy the threat, no matter how personal the cost.","English, Turkish, Shanghainese, Portuguese, Japanese","United Kingdom, United States, Turkey, China",Won 2 Oscars. 69 wins & 125 nominations total,"[{'Source': 'Internet Movie Database', 'Value': '7.8/10'}, {'Source': 'Rotten Tomatoes', 'Value': '92%'}, {'Source': 'Metacritic', 'Value': '81/100'}]",81.0,7.8,"768,360",tt1074638,movie,"$304,360,277"
No Time to Die,2021,PG-13,08 Oct 2021,163,"Action, Adventure, Thriller",Cary Joji Fukunaga,"Neal Purvis, Robert Wade, Cary Joji Fukunaga","Daniel Craig, Ana de Armas, Rami Malek","James Bond has left active service. His peace is short-lived when Felix Leiter, an old friend from the CIA, turns up asking for help, leading Bond onto the trail of a mysterious villain armed with dangerous new technology.","English, French, Italian, Russian, Spanish, Norwegian, German","United Kingdom, United States",Won 1 Oscar. 52 wins & 75 nominations total,"[{'Source': 'Internet Movie Database', 'Value': '7.3/10'}, {'Source': 'Rotten Tomatoes', 'Value': '83%'}, {'Source': 'Metacritic', 'Value': '68/100'}]",68.0,7.3,"481,524",tt2382320,movie,"$160,891,007"
Mission: Impossible - Ghost Protocol,2011,PG-13,21 Dec 2011,132,"Action, Adventure, Thriller",Brad Bird,"Bruce Geller, Josh Appelbaum, André Nemec","Tom Cruise, Jeremy Renner, Simon Pegg","The IMF is shut down when it's implicated in the bombing of the Kremlin, causing Ethan Hunt and his new team to go rogue to clear their organization's name.","English, Russian, French, Arabic, Swedish","United States, United Arab Emirates, Canada, India, Russia",5 wins & 32 nominations total,"[{'Source': 'Internet Movie Database', 'Value': '7.4/10'}, {'Source': 'Rotten Tomatoes', 'Value': '94%'}, {'Source': 'Metacritic', 'Value': '73/100'}]",73.0,7.4,"567,136",tt1229238,movie,"$209,397,903"
Mission: Impossible - Fallout,2018,PG-13,27 Jul 2018,147,"Action, Adventure, Thriller",Christopher McQuarrie,"Bruce Geller, Christopher McQuarrie","Tom Cruise, Henry Cavill, Ving Rhames","A group of terrorists plans to detonate three plutonium cores for a simultaneous nuclear attack on different cities. Ethan Hunt, along with his IMF team, sets out to stop the carnage.","English, French","United States, China, France, Norway",Nominated for 1 BAFTA Award. 26 wins & 42 nominations total,"[{'Source': 'Internet Movie Database', 'Value': '7.7/10'}, {'Source': 'Rotten Tomatoes', 'Value': '98%'}, {'Source': 'Metacritic', 'Value': '87/100'}]",87.0,7.7,"419,025",tt4912910,movie,"$220,159,104"
Top Gun,1986,PG,16 May 1986,110,"Action, Drama",Tony Scott,"Jim Cash, Jack Epps Jr., Ehud Yonay","Tom Cruise, Tim Robbins, Kelly McGillis","The Top Gun Naval Fighter Weapons School is where the best of the best train to refine their elite flying skills. When hotshot fighter pilot Maverick is sent to the school, his reckless attitude and cocky demeanor put him at odds ...",English,United States,Won 1 Oscar. 11 wins & 10 nominations total,"[{'Source': 'Internet Movie Database', 'Value': '7.0/10'}, {'Source': 'Rotten Tomatoes', 'Value': '57%'}, {'Source': 'Metacritic', 'Value': '50/100'}]",50.0,7.0,"550,107",tt0092099,movie,"$180,258,178"
Top Gun: Maverick,2022,PG-13,27 May 2022,130,"Action, Drama",Joseph Kosinski,"Ehren Kruger, Eric Warren Singer, Christopher McQuarrie","Tom Cruise, Jennifer Connelly, Miles Teller","The story involves Maverick confronting his past while training a group of younger Top Gun graduates, including the son of his deceased best friend, for a dangerous mission.",English,United States,Won 1 Oscar. 114 wins & 237 nominations total,"[{'Source': 'Internet Movie Database', 'Value': '8.2/10'}, {'Source': 'Rotten Tomatoes', 'Value': '96%'}, {'Source': 'Metacritic', 'Value': '78/100'}]",78.0,8.2,"892,240",tt1745960,movie,"$721,996,984"
The Bourne Identity,2002,PG-13,14 Jun 2002,119,"Action, Mystery, Thriller",Doug Liman,"Tony Gilroy, William Blake Herron, Robert Ludlum","Franka Potente, Matt Damon, Chris Cooper","A man is picked up by a fishing boat, bullet-riddled and suffering from amnesia, before racing to elude assassins and attempting to regain his memory.","English, French, German, Dutch, Italian, Yoruba","United States, Germany, Czech Republic, Greece",3 wins & 6 nominations total,"[{'Source': 'Internet Movie Database', 'Value': '7.8/10'}, {'Source': 'Rotten Tomatoes', 'Value': '84%'}, {'Source': 'Metacritic', 'Value': '68/100'}]",68.0,7.8,"609,951",tt0258463,movie,"$121,661,683"
The Bourne Ultimatum,2007,PG-13,03 Aug 2007,115,"Action, Mystery, Thriller",Paul Greengrass,"Tony Gilroy, Scott Z. Burns, George Nolfi","Matt Damon, Edgar Ramírez, Joan Allen",Jason Bourne dodges a ruthless C.I.A. official and his Agents from a new assassination program while searching for the origins of his life as a trained killer.,"English, Russian, French, Spanish, Arabic, Italian","United States, Germany, France, Spain",Won 3 Oscars. 29 wins & 42 nominations total,"[{'Source': 'Internet Movie Database', 'Value': '8.0/10'}, {'Source': 'Rotten Tomatoes', 'Value': '92%'}, {'Source': 'Metacritic', 'Value': '85/100'}]",85.0,8.0,"681,537",tt0440963,movie,"$227,471,070"
John Wick,2014,R,24 Oct 2014,101,"Action, Crime, Thriller",Chad Stahelski,Derek Kolstad,"Keanu Reeves, Michael Nyqvist, Alfie Allen","John Wick is a former hitman grieving the loss of his true love. When his home is broken into, robbed, and his dog killed, he is forced to return to action to exact revenge.","English, Russian, Hungarian",United States,5 wins & 10 nominations total,"[{'Source': 'Internet Movie Database', 'Value': '7.5/10'}, {'Source': 'Rotten Tomatoes', 'Value': '87%'}, {'Source': 'Metacritic', 'Value': '68/100'}]",68.0,7.5,"819,124",tt2911666,movie,"$43,037,835"
John Wick: Chapter 2,2017,R,10 Feb 2017,122,"Action, Crime, Thriller",Chad Stahelski,Derek Kolstad,"Keanu Reeves, Riccardo Scamarcio, Ian McShane","After returning to the criminal underworld to repay a debt, John Wick discovers that a large bounty has been put on his life.","English, Italian, Russian, American Sign , Hebrew","United States, Italy, Hong Kong, Canada",4 wins & 10 nominations total,"[{'Source': 'Internet Movie Database', 'Value': '7.4/10'}, {'Source': 'Rotten Tomatoes', 'Value': '89%'}, {'Source': 'Metacritic', 'Value': '75/100'}]",75.0,7.4,"564,980",tt4425200,movie,"$92,029,184"
John Wick: Chapter 3 - Parabellum,2019,R,17 May 2019,130,"Action, Crime, Drama",Chad Stahelski,"Derek Kolstad, Shay Hatten, Chris Collins","Keanu Reeves, Halle Berry, Ian McShane","John Wick is on the run after killing a member of the international assassins' guild, and with a $14 million price tag on his head, he is the target of hit men and women everywhere.","English, Russian, Japanese, Indonesian, Mandarin, Italian, Arabic, Latin","United States, Morocco, Ukraine, Italy",18 wins & 29 nominations total,"[{'Source': 'Internet Movie Database', 'Value': '7.4/10'}, {'Source': 'Rotten Tomatoes', 'Value': '89%'}, {'Source': 'Metacritic', 'Value': '73/100'}]",73.0,7.4,"476,412",tt6146586,movie,"$171,015,687"
John Wick: Chapter 4,2023,R,24 Mar 2023,169,"Action, Crime, Thriller",Chad Stahelski,"Shay Hatten, Michael Finch, Derek Kolstad","Keanu Reeves, Laurence Fishburne, George Georgiou","John Wick uncovers a path to defeating The High Table. But before he can earn his freedom, Wick must face off against a new enemy with powerful alliances across the globe and forces that turn old friends into foes.","English, Japanese, Russian, French, Spanish, German, Latin, Cantonese, Arabic","United States, Germany",38 wins & 51 nominations total,"[{'Source': 'Internet Movie Database', 'Value': '7.6/10'}, {'Source': 'Rotten Tomatoes', 'Value': '94%'}, {'Source': 'Metacritic', 'Value': '78/100'}]",78.0,7.6,"405,485",tt10366206,movie,"$187,131,806"
The Equalizer,2014,R,26 Sep 2014,132,"Action, Crime, Thriller",Antoine Fuqua,"Richard Wenk, Michael Sloan, Richard Lindheim","Denzel Washington, Marton Csokas, Chloë Grace Moretz",A man who believes he has put his mysterious past behind him cannot stand idly by when he meets a young girl under the control of ultra-violent Russian gangsters.,"English, Russian, Spanish, German, Ukrainian",United States,1 win & 9 nominations total,"[{'Source': 'Internet Movie Database', 'Value': '7.3/10'}, {'Source': 'Rotten Tomatoes', 'Value': '61%'}, {'Source': 'Metacritic', 'Value': '57/100'}]",57.0,7.3,"464,792",tt0455944,movie,"$101,530,738"
Taken,2008,PG-13,30 Jan 2009,90,"Action, Crime, Thriller",Pierre Morel,"Luc Besson, Robert Mark Kamen","Liam Neeson, Maggie Grace, Famke Janssen","A retired CIA agent travels across Europe and relies on his old skills to save his estranged daughter, who has been kidnapped while on a trip to Paris.","English, French, Albanian, Arabic, Serbian","France, United Kingdom, United States",2 wins & 2 nominations total,"[{'Source': 'Internet Movie Database', 'Value': '7.7/10'}, {'Source': 'Rotten Tomatoes', 'Value': '60%'}, {'Source': 'Metacritic', 'Value': '51/100'}]",51.0,7.7,"668,854",tt0936501,movie,"$145,000,989"
Nobody,2021,R,26 Mar 2021,92,"Action, Crime, Drama",Ilya Naishuller,Derek Kolstad,"Bob Odenkirk, Aleksey Serebryakov, Connie Nielsen","A docile family man slowly reveals his true character after his house gets burgled by two petty thieves, which, coincidentally, leads him into a bloody war with a Russian crime boss.","English, Russian, Spanish","United States, China, Japan",5 wins & 18 nominations total,"[{'Source': 'Internet Movie Database', 'Value': '7.4/10'}, {'Source': 'Rotten Tomatoes', 'Value': '83%'}, {'Source': 'Metacritic', 'Value': '64/100'}]",64.0,7.4,"391,880",tt7888964,movie,"$27,568,035"
Baby Driver,2017,R,28 Jun 2017,113,"Action, Crime, Drama",Edgar Wright,Edgar Wright,"Ansel Elgort, Jon Bernthal, Jon Hamm","Coerced into working for a crime boss, a young getaway driver must face the music when a doomed heist threatens his life, love, and freedom.","English, American Sign Language","United Kingdom, United States",Nominated for 3 Oscars. 43 wins & 66 nominations total,"[{'Source': 'Internet Movie Database', 'Value': '7.5/10'}, {'Source': 'Rotten Tomatoes', 'Value': '92%'}, {'Source': 'Metacritic', 'Value': '86/100'}]",86.0,7.5,"682,380",tt3890160,movie,"$107,825,862"
The Town,2010,R,17 Sep 2010,125,"Crime, Drama, Thriller",Ben Affleck,"Peter Craig, Ben Affleck, Aaron Stockard","Ben Affleck, Rebecca Hall, Jon Hamm",A proficient group of thieves rob a bank and hold the manager hostage. Things begin to get complicated when one of the crew members falls in love with her.,English,"United States, United Kingdom",Nominated for 1 Oscar. 9 wins & 46 nominations total,"[{'Source': 'Internet Movie Database', 'Value': '7.5/10'}, {'Source': 'Rotten Tomatoes', 'Value': '92%'}, {'Source': 'Metacritic', 'Value': '74/100'}]",74.0,7.5,"444,731",tt0840361,movie,"$92,186,262"
Inside Man,2006,R,24 Mar 2006,129,"Crime, Drama, Mystery",Spike Lee,Russell Gewirtz,"Denzel Washington, Clive Owen, Jodie Foster","A police detective, a bank robber and a high-power broker enter high-stakes negotiations after the criminal's brilliant heist spirals into a hostage situation.","English, Albanian, Spanish, Polish",United States,5 wins & 12 nominations total,"[{'Source': 'Internet Movie Database', 'Value': '7.6/10'}, {'Source': 'Rotten Tomatoes', 'Value': '86%'}, {'Source': 'Metacritic', 'Value': '76/100'}]",76.0,7.6,"422,850",tt0454848,movie,"$88,513,495"
Collateral,2004,R,06 Aug 2004,120,"Action, Crime, Drama",Michael Mann,Stuart Beattie,"Tom Cruise, Jamie Foxx, Jada Pinkett Smith",A cab driver finds himself the hostage of an engaging contract killer as he makes his rounds from hit to hit during one night in Los Angeles.,"English, Spanish, French, Korean",United States,Nominated for 2 Oscars. 22 wins & 73 nominations total,"[{'Source': 'Internet Movie Database', 'Value': '7.5/10'}, {'Source': 'Rotten Tomatoes', 'Value': '86%'}, {'Source': 'Metacritic', 'Value': '71/100'}]",71.0,7.5,"464,872",tt0369339,movie,"$101,005,703"
Training Day,2001,R,05 Oct 2001,122,"Crime, Drama, Thriller",Antoine Fuqua,David Ayer,"Denzel Washington, Ethan Hawke, Scott Glenn",A rookie cop spends his first day as a Los Angeles narcotics officer with a rogue detective who isn't what he appears to be.,"English, Russian, Spanish, Korean, Greek",United States,Won 1 Oscar. 18 wins & 23 nominations total,"[{'Source': 'Internet Movie Database', 'Value': '7.8/10'}, {'Source': 'Rotten Tomatoes', 'Value': '74%'}, {'Source': 'Metacritic', 'Value': '71/100'}]",71.0,7.8,"516,062",tt0139654,movie,"$76,631,907"
American Gangster,2007,R,02 Nov 2007,157,"Biography, Crime, Drama",Ridley Scott,"Steven Zaillian, Mark Jacobson","Denzel Washington, Russell Crowe, Chiwetel Ejiofor",An outcast New York City cop is charged with bringing down Harlem drug lord Frank Lucas.,"English, Thai, Spanish","United Kingdom, United States",Nominated for 2 Oscars. 12 wins & 38 nominations total,"[{'Source': 'Internet Movie Database', 'Value': '7.8/10'}, {'Source': 'Rotten Tomatoes', 'Value': '81%'}, {'Source': 'Metacritic', 'Value': '76/100'}]",76.0,7.8,"483,108",tt0765429,movie,"$130,164,645"
L.A. Confidential,1997,R,19 Sep 1997,138,"Crime, Drama, Mystery",Curtis Hanson,"James Ellroy, Brian Helgeland, Curtis Hanson","Kevin Spacey, Russell Crowe, Guy Pearce","As corruption grows in 1950s Los Angeles, three policemen - one strait-laced, one brutal, and one sleazy - investigate a series of murders with their own brand of justice.",English,United States,Won 2 Oscars. 91 wins & 86 nominations total,"[{'Source': 'Internet Movie Database', 'Value': '8.2/10'}, {'Source': 'Rotten Tomatoes', 'Value': '99%'}, {'Source': 'Metacritic', 'Value': '91/100'}]",91.0,8.2,"655,630",tt0119488,movie,"$64,616,940"
Mystic River,2003,R,15 Oct 2003,138,"Crime, Drama, Mystery",Clint Eastwood,"Brian Helgeland, Dennis Lehane","Sean Penn, Tim Robbins, Kevin Bacon","The tragic murder of a 19-year-old girl reunites three childhood friends still living in Boston--the victim's gangster father, a detective, and the disturbed man they both suspect of killing her.",English,"United States, Australia",Won 2 Oscars. 57 wins & 144 nominations total,"[{'Source': 'Internet Movie Database', 'Value': '7.9/10'}, {'Source': 'Rotten Tomatoes', 'Value': '89%'}, {'Source': 'Metacritic', 'Value': '84/100'}]",84.0,7.9,"515,917",tt0327056,movie,"$90,135,191"
Gone Baby Gone,2007,R,19 Oct 2007,114,"Crime, Drama, Mystery",Ben Affleck,"Ben Affleck, Aaron Stockard, Dennis Lehane","Morgan Freeman, Ed Harris, Casey Affleck","Two Boston area detectives investigate a little girl's kidnapping, which ultimately turns into a crisis both professionally and personally.",English,United States,Nominated for 1 Oscar. 33 wins & 32 nominations total,"[{'Source': 'Internet Movie Database', 'Value': '7.6/10'}, {'Source': 'Rotten Tomatoes', 'Value': '94%'}, {'Source': 'Metacritic', 'Value': '72/100'}]",72.0,7.6,"305,213",tt0452623,movie,"$20,292,962"
Zodiac,2007,R,02 Mar 2007,157,"Crime, Drama, Mystery",David Fincher,"James Vanderbilt, Robert Graysmith","Jake Gyllenhaal, Robert Downey Jr., Mark Ruffalo","Between 1968 and 1983, a San Francisco cartoonist becomes an amateur detective obsessed with tracking down the Zodiac Killer, an unidentified individual who terrorizes Northern California with a killing spree.",English,United States,3 wins & 71 nominations total,"[{'Source': 'Internet Movie Database', 'Value': '7.7/10'}, {'Source': 'Rotten Tomatoes', 'Value': '90%'}, {'Source': 'Metacritic', 'Value': '79/100'}]",79.0,7.7,"671,729",tt0443706,movie,"$33,080,084"
The Assassination of Jesse James by the Coward Robert Ford,2007,R,19 Oct 2007,160,"Biography, Crime, Drama",Andrew Dominik,"Andrew Dominik, Ron Hansen","Brad Pitt, Casey Affleck, Sam Shepard","Robert Ford, who has idolized Jesse James since childhood, tries hard to join the resurgent gang of the Missouri outlaw, but gradually becomes resentful of the bandit leader.","English, Danish","United States, Canada",Nominated for 2 Oscars. 25 wins & 69 nominations total,"[{'Source': 'Internet Movie Database', 'Value': '7.5/10'}, {'Source': 'Rotten Tomatoes', 'Value': '76%'}, {'Source': 'Metacritic', 'Value': '68/100'}]",68.0,7.5,"203,116",tt0443680,movie,"$3,909,149"
The Tree of Life,2011,PG-13,17 May 2011,139,"Drama, Fantasy",Terrence Malick,Terrence Malick,"Brad Pitt, Sean Penn, Jessica Chastain","The story of a family in Waco, Texas in 1956. The eldest son witnesses the loss of innocence and struggles with his parents' conflicting teachings.",English,United States,Nominated for 3 Oscars. 118 wins & 130 nominations total,"[{'Source': 'Internet Movie Database', 'Value': '6.8/10'}, {'Source': 'Rotten Tomatoes', 'Value': '86%'}, {'Source': 'Metacritic', 'Value': '85/100'}]",85.0,6.8,"191,616",tt0478304,movie,"$13,303,319"
The New World,2005,PG-13,20 Jan 2006,135,"Biography, Drama, History",Terrence Malick,Terrence Malick,"Colin Farrell, Q'orianka Kilcher, Christopher Plummer","The story of the English exploration of Virginia, and of the changing world and loves of Pocahontas.","English, Algonquin, Inuktitut","United States, United Kingdom",Nominated for 1 Oscar. 6 wins & 34 nominations total,"[{'Source': 'Internet Movie Database', 'Value': '6.7/10'}, {'Source': 'Rotten Tomatoes', 'Value': '63%'}, {'Source': 'Metacritic', 'Value': '73/100'}]",73.0,6.7,"92,238",tt0402399,movie,"$12,712,093"
A Ghost Story,2017,R,28 Jul 2017,92,"Drama, Fantasy, Mystery",David Lowery,David Lowery,"Casey Affleck, Rooney Mara, McColm Cephas Jr.","In this singular exploration of legacy, love, loss, and the enormity of existence, a recently deceased, white-sheeted ghost returns to his suburban home to try to reconnect with his bereft wife.","English, Spanish",United States,11 wins & 21 nominations total,"[{'Source': 'Internet Movie Database', 'Value': '6.8/10'}, {'Source': 'Rotten Tomatoes', 'Value': '91%'}, {'Source': 'Metacritic', 'Value': '84/100'}]",84.0,6.8,"84,427",tt6265828,movie,"$1,596,371"
First Reformed,2017,R,08 Jun 2018,113,"Drama, Mystery, Thriller",Paul Schrader,Paul Schrader,"Ethan Hawke, Amanda Seyfried, Cedric The Entertainer","A minister of a small congregation in upstate New York grapples with mounting despair brought on by tragedy, worldly concerns and a tormented past.",English,"United States, United Kingdom, Australia",Nominated for 1 Oscar. 62 wins & 108 nominations total,"[{'Source': 'Internet Movie Database', 'Value': '7.1/10'}, {'Source': 'Rotten Tomatoes', 'Value': '94%'}, {'Source': 'Metacritic', 'Value': '86/100'}]",86.0,7.1,"65,739",tt6053438,movie,"$3,448,256"
The Green Knight,2021,R,30 Jul 2021,130,"Adventure, Drama, Fantasy",David Lowery,"David Lowery, The Gawain Poet","Dev Patel, Alicia Vikander, Joel Edgerton",A fantasy retelling of the medieval story of Sir Gawain and the Green Knight.,"English, Latin","United States, Canada, Ireland",21 wins & 119 nominations total,"[{'Source': 'Internet Movie Database', 'Value': '6.6/10'}, {'Source': 'Rotten Tomatoes', 'Value': '88%'}, {'Source': 'Metacritic', 'Value': '85/100'}]",85.0,6.6,"127,213",tt9243804,movie,"$17,173,321"
The Witch,2016,R,19 Feb 2016,92,"Drama, Fantasy, Horror",Robert Eggers,Robert Eggers,"Anya Taylor-Joy, Ralph Ineson, Kate Dickie",An isolated Puritan family in 1630s New England comes unraveled by the forces of witchcraft and possession.,English,"United Kingdom, Canada, United States",43 wins & 72 nominations total,"[{'Source': 'Internet Movie Database', 'Value': '7.0/10'}, {'Source': 'Rotten Tomatoes', 'Value': '91%'}, {'Source': 'Metacritic', 'Value': '84/100'}]",84.0,7.0,"350,836",tt4263482,movie,"$25,138,705"
The Black Phone,2022,R,24 Jun 2022,103,"Horror, Mystery, Thriller",Scott Derrickson,"Joe Hill, Scott Derrickson, C. Robert Cargill","Mason Thames, Madeleine McGraw, Ethan Hawke","After being abducted and locked in a basement, a boy starts receiving calls on a disconnected phone from the killer's previous victims.",English,"United States, Canada",10 wins & 19 nominations total,"[{'Source': 'Internet Movie Database', 'Value': '6.9/10'}, {'Source': 'Rotten Tomatoes', 'Value': '81%'}, {'Source': 'Metacritic', 'Value': '65/100'}]",65.0,6.9,"262,562",tt7144666,movie,"$90,123,230"
Talk to Me,2022,R,28 Jul 2023,95,"Horror, Thriller","Danny Philippou, Michael Philippou","Danny Philippou, Bill Hinzman, Daley Pearson","Ari McCarthy, Hamish Phillips, Kit Erhart-Bruce","When a group of friends discover how to conjure spirits using an embalmed hand, they become hooked on the new thrill, until one of them goes too far and unleashes terrifying supernatural forces.","English, French, Greek","Australia, United Kingdom",23 wins & 51 nominations total,"[{'Source': 'Internet Movie Database', 'Value': '7.1/10'}, {'Source': 'Metacritic', 'Value': '76/100'}]",76.0,7.1,"209,560",tt10638522,movie,"$48,299,436"
Barbarian,2022,R,09 Sep 2022,102,"Horror, Mystery, Thriller",Zach Cregger,Zach Cregger,"Georgina Campbell, Bill Skarsgård, Justin Long",A woman staying at an Airbnb discovers that the house she has rented is not what it seems.,English,"United States, Bulgaria",5 wins & 40 nominations total,"[{'Source': 'Internet Movie Database', 'Value': '7.0/10'}, {'Source': 'Rotten Tomatoes', 'Value': '92%'}, {'Source': 'Metacritic', 'Value': '78/100'}]",78.0,7.0,"258,415",tt15791034,movie,"$40,842,944"
Pearl,2022,R,16 Sep 2022,103,"Drama, Horror, Thriller",Ti West,"Ti West, Mia Goth","Mia Goth, David Corenswet, Tandi Wright","In 1918, a young woman on the brink of madness pursues stardom in a desperate attempt to escape the drudgery, isolation, and lovelessness of life on her parents' farm.","English, German","New Zealand, United States",19 wins & 63 nominations total,"[{'Source': 'Internet Movie Database', 'Value': '7.0/10'}, {'Source': 'Rotten Tomatoes', 'Value': '93%'}, {'Source': 'Metacritic', 'Value': '76/100'}]",76.0,7.0,"152,885",tt18925334,movie,"$9,423,445"
X,2022,R,18 Mar 2022,105,"Horror, Mystery, Thriller",Ti West,Ti West,"Mia Goth, Jenna Ortega, Brittany Snow","In 1979, a group of young filmmakers set out to make an adult film in a rural Texas farm, but when their reclusive, elderly hosts catch them in the act, the crew find themselves fighting for their lives.","English, Portuguese","United States, New Zealand",4 wins & 43 nominations total,"[{'Source': 'Internet Movie Database', 'Value': '6.5/10'}, {'Source': 'Rotten Tomatoes', 'Value': '94%'}, {'Source': 'Metacritic', 'Value': '80/100'}]",80.0,6.5,"221,644",tt13560574,movie,"$11,769,469"
It Follows,2014,R,13 Mar 2015,100,"Horror, Mystery, Thriller",David Robert Mitchell,David Robert Mitchell,"Maika Monroe, Keir Gilchrist, Olivia Luccardi",A young woman is followed by an unknown supernatural force after a sexual encounter.,English,United States,25 wins & 44 nominations total,"[{'Source': 'Internet Movie Database', 'Value': '6.8/10'}, {'Source': 'Rotten Tomatoes', 'Value': '95%'}, {'Source': 'Metacritic', 'Value': '83/100'}]",83.0,6.8,"296,741",tt3235888,movie,"$14,674,076"
The Autopsy of Jane Doe,2016,R,21 Dec 2016,86,"Horror, Mystery, Thriller",André Øvredal,"Ian Goldberg, Richard Naing","Brian Cox, Emile Hirsch, Ophelia Lovibond",Father and son coroners investigate the death of a beautiful Jane Doe.,English,United Kingdom,8 wins & 10 nominations total,"[{'Source': 'Internet Movie Database', 'Value': '6.8/10'}, {'Source': 'Rotten Tomatoes', 'Value': '86%'}, {'Source': 'Metacritic', 'Value': '65/100'}]",65.0,6.8,"160,099",tt3289956,movie,"$10,474"
Sinister,2012,R,12 Oct 2012,110,"Horror, Mystery, Thriller",Scott Derrickson,"Scott Derrickson, C. Robert Cargill","Ethan Hawke, Juliet Rylance, James Ransone","A controversial true-crime writer finds a box of Super 8 home movies in his new home, revealing that the murder case he is currently researching could be the work of an unknown serial killer whose legacy dates back to the 1960s.",English,"United States, United Kingdom, Canada",3 wins & 14 nominations total,"[{'Source': 'Internet Movie Database', 'Value': '6.8/10'}, {'Source': 'Rotten Tomatoes', 'Value': '64%'}, {'Source': 'Metacritic', 'Value': '53/100'}]",53.0,6.8,"313,734",tt1922777,movie,"$48,086,903"
The Conjuring 2,2016,R,10 Jun 2016,134,"Horror, Mystery, Thriller",James Wan,"Chad Hayes, Carey W. Hayes, James Wan","Vera Farmiga, Patrick Wilson, Madison Wolfe",Ed and Lorraine Warren travel to North London to help a single mother raising four children alone in a house plagued by a supernatural spirit.,English,United States,4 wins & 13 nominations total,"[{'Source': 'Internet Movie Database', 'Value': '7.3/10'}, {'Source': 'Rotten Tomatoes', 'Value': '80%'}, {'Source': 'Metacritic', 'Value': '65/100'}]",65.0,7.3,"341,821",tt3065204,movie,"$102,516,140"
Insidious,2011,PG-13,01 Apr 2011,103,"Horror, Mystery, Thriller",James Wan,Leigh Whannell,"Patrick Wilson, Rose Byrne, Ty Simpkins",A family looks to prevent evil spirits from trapping their comatose child in a realm called The Further.,English,"United States, Canada",8 wins & 16 nominations total,"[{'Source': 'Internet Movie Database', 'Value': '6.8/10'}, {'Source': 'Rotten Tomatoes', 'Value': '66%'}, {'Source': 'Metacritic', 'Value': '52/100'}]",52.0,6.8,"365,703",tt1591095,movie,"$54,009,150"
Insidious: Chapter 2,2013,PG-13,13 Sep 2013,106,"Horror, Mystery, Thriller",James Wan,"Leigh Whannell, James Wan","Patrick Wilson, Rose Byrne, Barbara Hershey","The Lamberts believe that they have defeated the spirits that have haunted their family, but they soon discover that evil is not beaten so easily.",English,"United Kingdom, Canada, United States",16 nominations total,"[{'Source': 'Internet Movie Database', 'Value': '6.6/10'}, {'Source': 'Rotten Tomatoes', 'Value': '38%'}, {'Source': 'Metacritic', 'Value': '40/100'}]",40.0,6.6,"202,164",tt2226417,movie,"$83,586,447"
The Invisible Man,2020,R,28 Feb 2020,124,"Drama, Horror, Mystery",Leigh Whannell,"Leigh Whannell, H.G. Wells","Elisabeth Moss, Oliver Jackson-Cohen, Harriet Dyer","When Cecilia's abusive ex takes his own life and leaves her his fortune, she suspects his death was a hoax. As a series of coincidences turn lethal, Cecilia works to prove that she is being hunted by someone nobody can see.",English,"Australia, United States",40 wins & 82 nominations total,"[{'Source': 'Internet Movie Database', 'Value': '7.1/10'}, {'Source': 'Metacritic', 'Value': '72/100'}]",72.0,7.1,"281,275",tt1051906,movie,"$70,410,000"
A Quiet Place Part II,2020,PG-13,28 May 2021,97,"Drama, Horror, Sci-Fi",John Krasinski,"John Krasinski, Bryan Woods, Scott Beck","Emily Blunt, Millicent Simmonds, Cillian Murphy","Following the events at home, the Abbott family now face the terrors of the outside world. Forced to venture into the unknown, they realize the creatures that hunt by sound are not the only threats lurking beyond the sand path.","English, American Sign ",United States,Nominated for 1 BAFTA Award14 wins & 44 nominations total,"[{'Source': 'Internet Movie Database', 'Value': '7.2/10'}, {'Source': 'Rotten Tomatoes', 'Value': '91%'}, {'Source': 'Metacritic', 'Value': '71/100'}]",71.0,7.2,"315,806",tt8332922,movie,"$160,072,261"
10 Cloverfield Lane,2016,PG-13,11 Mar 2016,103,"Drama, Horror, Sci-Fi",Dan Trachtenberg,"Josh Campbell, Matt Stuecken, Damien Chazelle","John Goodman, Mary Elizabeth Winstead, John Gallagher Jr.",A young woman is held in an underground bunker by a man who insists that a hostile event has left the surface of the Earth uninhabitable.,English,United States,16 wins & 48 nominations total,"[{'Source': 'Internet Movie Database', 'Value': '7.2/10'}, {'Source': 'Rotten Tomatoes', 'Value': '91%'}, {'Source': 'Metacritic', 'Value': '76/100'}]",76.0,7.2,"381,655",tt1179933,movie,"$72,082,998"
Cloverfield,2008,PG-13,18 Jan 2008,85,"Action, Horror, Sci-Fi",Matt Reeves,Drew Goddard,"Mike Vogel, Jessica Lucas, Lizzy Caplan",A group of friends venture deep into the streets of New York on a rescue mission during a rampaging monster attack.,"English, Russian, French, Japanese",United States,5 wins & 34 nominations total,"[{'Source': 'Internet Movie Database', 'Value': '7.0/10'}, {'Source': 'Rotten Tomatoes', 'Value': '78%'}, {'Source': 'Metacritic', 'Value': '64/100'}]",64.0,7.0,"442,090",tt1060277,movie,"$80,048,433"
Annihilation,2018,R,23 Feb 2018,115,"Adventure, Drama, Horror",Alex Garland,"Alex Garland, Jeff VanderMeer","Natalie Portman, Jennifer Jason Leigh, Tessa Thompson","A biologist signs up for a dangerous, secret expedition in which the laws of nature don't apply.",English,"United Kingdom, United States",17 wins & 63 nominations total,"[{'Source': 'Internet Movie Database', 'Value': '6.8/10'}, {'Source': 'Rotten Tomatoes', 'Value': '88%'}, {'Source': 'Metacritic', 'Value': '79/100'}]",79.0,6.8,"391,083",tt2798920,movie,"$32,732,301"
Contact,1997,PG,11 Jul 1997,150,"Drama, Mystery, Sci-Fi",Robert Zemeckis,"James V. Hart, Michael Goldenberg, Carl Sagan","Jodie Foster, Matthew McConaughey, Tom Skerritt","Dr. Ellie Arroway, after years of searching, finds conclusive radio proof of extraterrestrial intelligence, sending plans for a mysterious machine.","English, Spanish, German, Russian",United States,Nominated for 1 Oscar. 15 wins & 32 nominations total,"[{'Source': 'Internet Movie Database', 'Value': '7.5/10'}, {'Source': 'Rotten Tomatoes', 'Value': '69%'}, {'Source': 'Metacritic', 'Value': '62/100'}]",62.0,7.5,"309,188",tt0118884,movie,"$100,920,329"
Ad Astra,2019,PG-13,20 Sep 2019,123,"Adventure, Drama, Mystery",James Gray,"James Gray, Ethan Gross","Brad Pitt, Tommy Lee Jones, Ruth Negga",An astronaut embarks on a space mission to investigate a threat to the universe and uncover the truth about his father who disappeared thirty years ago.,"English, Norwegian","United States, China, Brazil",Nominated for 1 Oscar. 11 wins & 75 nominations total,"[{'Source': 'Internet Movie Database', 'Value': '6.5/10'}, {'Source': 'Rotten Tomatoes', 'Value': '83%'}, {'Source': 'Metacritic', 'Value': '80/100'}]",80.0,6.5,"283,199",tt2935510,movie,"$50,188,370"
Sunshine,2007,R,27 Jul 2007,107,"Sci-Fi, Thriller",Danny Boyle,Alex Garland,"Cillian Murphy, Rose Byrne, Chris Evans",A team of international astronauts is sent on a dangerous mission to reignite the dying Sun with a nuclear fission bomb in 2057.,English,"United Kingdom, United States",1 win & 22 nominations total,"[{'Source': 'Internet Movie Database', 'Value': '7.2/10'}, {'Source': 'Rotten Tomatoes', 'Value': '77%'}, {'Source': 'Metacritic', 'Value': '64/100'}]",64.0,7.2,"284,835",tt0448134,movie,"$3,675,753"
Moon,2009,R,10 Jul 2009,97,"Drama, Mystery, Sci-Fi",Duncan Jones,"Duncan Jones, Nathan Parker","Sam Rockwell, Kevin Spacey, Dominique McElligott","Astronaut Sam Bell has a quintessentially personal encounter toward the end of his three-year stint on the Moon, where he, working alongside his computer, GERTY, sends back to Earth, parcels of a resource that has helped diminish ...","English, Spanish","United Kingdom, United States",Won 1 BAFTA Award28 wins & 37 nominations total,"[{'Source': 'Internet Movie Database', 'Value': '7.8/10'}, {'Source': 'Rotten Tomatoes', 'Value': '90%'}, {'Source': 'Metacritic', 'Value': '67/100'}]",67.0,7.8,"392,806",tt1182345,movie,"$5,010,163"
Coherence,2013,Not Rated,06 Aug 2014,89,"Mystery, Sci-Fi, Thriller",James Ward Byrkit,"James Ward Byrkit, Alex Manugian","Emily Baldoni, Maury Sterling, Nicholas Brendon",Strange things begin to happen when a group of friends gather for a dinner party on an evening when a comet is passing overhead.,English,"United States, United Kingdom",6 wins & 6 nominations total,"[{'Source': 'Internet Movie Database', 'Value': '7.2/10'}, {'Source': 'Rotten Tomatoes', 'Value': '89%'}, {'Source': 'Metacritic', 'Value': '65/100'}]",65.0,7.2,"168,584",tt2866360,movie,"$102,617"
Predestination,2014,R,09 Jan 2015,97,"Action, Drama, Sci-Fi","Michael Spierig, Peter Spierig","Michael Spierig, Peter Spierig, Robert A. Heinlein","Ethan Hawke, Sarah Snook, Noah Taylor","As his last assignment, a temporal agent is tasked to travel back in time and prevent a bomb attack in New York in 1975. The hunt, however, turns out to be beyond the bounds of possibility.",English,"Australia, United States",13 wins & 20 nominations total,"[{'Source': 'Internet Movie Database', 'Value': '7.4/10'}, {'Source': 'Rotten Tomatoes', 'Value': '84%'}, {'Source': 'Metacritic', 'Value': '69/100'}]",69.0,7.4,"332,362",tt2397535,movie,"$68,372"
Primer,2004,PG-13,25 May 2005,77,"Drama, Sci-Fi, Thriller",Shane Carruth,Shane Carruth,"Shane Carruth, David Sullivan, Casey Gooden","Four friends/fledgling entrepreneurs, knowing that there's something bigger and more innovative than the different error-checking devices they've built, wrestle over their new invention.","English, French",United States,3 wins & 7 nominations total,"[{'Source': 'Internet Movie Database', 'Value': '6.7/10'}, {'Source': 'Rotten Tomatoes', 'Value': '72%'}, {'Source': 'Metacritic', 'Value': '68/100'}]",68.0,6.7,"120,852",tt0390384,movie,"$424,760"
The Endless,2017,Not Rated,06 Apr 2018,111,"Horror, Mystery, Sci-Fi","Justin Benson, Aaron Moorhead",Justin Benson,"Aaron Moorhead, Justin Benson, Callie Hernandez","As kids, they escaped a UFO death cult. Now, two adult brothers seek answers after an old videotape surfaces and brings them back to where they began.",English,United States,5 wins & 8 nominations total,"[{'Source': 'Internet Movie Database', 'Value': '6.5/10'}, {'Source': 'Rotten Tomatoes', 'Value': '91%'}, {'Source': 'Metacritic', 'Value': '80/100'}]",80.0,6.5,"54,986",tt3986820,movie,"$272,020"
Upgrade,2018,R,01 Jun 2018,100,"Action, Sci-Fi, Thriller",Leigh Whannell,Leigh Whannell,"Logan Marshall-Green, Melanie Vallejo, Steve Danielsen","Set in the near-future, technology controls nearly all aspects of life. But when the world of Grey, a self-labeled technophobe, is turned upside down, his only hope for revenge is an experimental computer chip implant.","English, Dutch","United States, Australia",3 wins & 26 nominations total,"[{'Source': 'Internet Movie Database', 'Value': '7.5/10'}, {'Source': 'Rotten Tomatoes', 'Value': '88%'}, {'Source': 'Metacritic', 'Value': '67/100'}]",67.0,7.5,"231,508",tt6499752,movie,"$11,977,130"
The Creator,2023,PG-13,29 Sep 2023,133,"Action, Adventure, Drama",Gareth Edwards,"Gareth Edwards, Chris Weitz","John David Washington, Madeleine Yuna Voyles, Gemma Chan","Against the backdrop of a war between humans and robots with artificial intelligence, a former soldier finds the robots' secret weapon to end the conflict, an AI in the form of a child.","English, Thai","United States, Japan, Cambodia",Nominated for 2 Oscars. 13 wins & 49 nominations total,"[{'Source': 'Internet Movie Database', 'Value': '6.7/10'}, {'Source': 'Rotten Tomatoes', 'Value': '67%'}, {'Source': 'Metacritic', 'Value': '63/100'}]",63.0,6.7,"194,415",tt11858890,movie,"$40,774,679"
Being John Malkovich,1999,R,03 Dec 1999,113,"Comedy, Drama, Fantasy",Spike Jonze,Charlie Kaufman,"John Cusack, Cameron Diaz, Catherine Keener",A puppeteer discovers a portal that leads literally into the head of movie star John Malkovich.,English,United States,Nominated for 3 Oscars. 49 wins & 79 nominations total,"[{'Source': 'Internet Movie Database', 'Value': '7.7/10'}, {'Source': 'Rotten Tomatoes', 'Value': '94%'}, {'Source': 'Metacritic', 'Value': '90/100'}]",90.0,7.7,"367,080",tt0120601,movie,"$22,863,596"
Adaptation.,2002,R,14 Feb 2003,115,"Comedy, Drama",Spike Jonze,"Susan Orlean, Charlie Kaufman","Nicolas Cage, Meryl Streep, Chris Cooper",A lovelorn screenwriter becomes desperate as he tries and fails to adapt 'The Orchid Thief' by Susan Orlean for the screen.,"English, Latin",United States,Won 1 Oscar. 67 wins & 100 nominations total,"[{'Source': 'Internet Movie Database', 'Value': '7.7/10'}, {'Source': 'Rotten Tomatoes', 'Value': '90%'}, {'Source': 'Metacritic', 'Value': '83/100'}]",83.0,7.7,"212,615",tt0268126,movie,"$22,498,520"
"Synecdoche, New York",2008,R,05 Feb 2009,124,Drama,Charlie Kaufman,Charlie Kaufman,"Philip Seymour Hoffman, Samantha Morton, Michelle Williams",A theater director struggles with his work and the women in his life as he creates a life-size replica of New York City inside a warehouse as part of his new play.,"English, German",United States,8 wins & 29 nominations total,"[{'Source': 'Internet Movie Database', 'Value': '7.5/10'}, {'Source': 'Rotten Tomatoes', 'Value': '69%'}, {'Source': 'Metacritic', 'Value': '67/100'}]",67.0,7.5,"102,537",tt0383028,movie,"$3,083,538"
Swiss Army Man,2016,R,01 Jul 2016,97,"Comedy, Drama, Fantasy","Daniel Kwan, Daniel Scheinert","Daniel Scheinert, Daniel Kwan","Paul Dano, Daniel Radcliffe, Mary Elizabeth Winstead","A hopeless man stranded on a deserted island befriends a dead body, and together they go on a surreal journey to get home.",English,United States,8 wins & 31 nominations total,"[{'Source': 'Internet Movie Database', 'Value': '6.9/10'}, {'Source': 'Rotten Tomatoes', 'Value': '73%'}, {'Source': 'Metacritic', 'Value': '64/100'}]",64.0,6.9,"139,037",tt4034354,movie,"$4,210,454"
Everything Everywhere All at Once,2022,R,08 Apr 2022,139,"Action, Adventure, Comedy","Daniel Kwan, Daniel Scheinert","Daniel Kwan, Daniel Scheinert","Michelle Yeoh, Stephanie Hsu, Jamie Lee Curtis",A middle-aged Chinese immigrant is swept up into an insane adventure in which she alone can save existence by exploring other universes and connecting with the lives she could have led.,"English, Mandarin, Cantonese",United States,Won 7 Oscars. 408 wins & 382 nominations total,"[{'Source': 'Internet Movie Database', 'Value': '7.7/10'}, {'Source': 'Rotten Tomatoes', 'Value': '93%'}, {'Source': 'Metacritic', 'Value': '81/100'}]",81.0,7.7,"627,115",tt6710474,movie,"$77,191,785"
The Banshees of Inisherin,2022,R,04 Nov 2022,114,"Comedy, Drama",Martin McDonagh,Martin McDonagh,"Colin Farrell, Brendan Gleeson, Kerry Condon","Two lifelong friends find themselves at an impasse when one abruptly ends their relationship, with alarming consequences for both of them.","English, Latin","Ireland, United Kingdom, United States",Nominated for 9 Oscars. 150 wins & 375 nominations total,"[{'Source': 'Internet Movie Database', 'Value': '7.6/10'}, {'Source': 'Rotten Tomatoes', 'Value': '96%'}, {'Source': 'Metacritic', 'Value': '87/100'}]",87.0,7.6,"296,473",tt11813216,movie,"$10,582,266"
Nomadland,2020,R,19 Feb 2021,107,Drama,Chloé Zhao,"Chloé Zhao, Jessica Bruder","Frances McDormand, David Strathairn, Linda May","A woman in her sixties, after losing everything in the Great Recession, embarks on a journey through the American West, living as a van-dwelling modern-day nomad.",English,United States,Won 3 Oscars. 253 wins & 155 nominations total,"[{'Source': 'Internet Movie Database', 'Value': '7.3/10'}, {'Source': 'Rotten Tomatoes', 'Value': '93%'}, {'Source': 'Metacritic', 'Value': '87/100'}]",87.0,7.3,"216,384",tt9770150,movie,"$3,700,000"
"Three Billboards Outside Ebbing, Missouri",2017,R,01 Dec 2017,115,"Comedy, Crime, Drama",Martin McDonagh,Martin McDonagh,"Frances McDormand, Woody Harrelson, Sam Rockwell",A mother personally challenges the local authorities to solve her daughter's murder when they fail to catch the culprit.,English,"United Kingdom, United States",Won 2 Oscars. 132 wins & 233 nominations total,"[{'Source': 'Internet Movie Database', 'Value': '8.1/10'}, {'Source': 'Rotten Tomatoes', 'Value': '90%'}, {'Source': 'Metacritic', 'Value': '88/100'}]",88.0,8.1,"601,876",tt5027774,movie,"$54,513,740"
The Holdovers,2023,R,10 Nov 2023,133,"Comedy, Drama",Alexander Payne,David Hemingson,"Paul Giamatti, Da'Vine Joy Randolph, Dominic Sessa","In 1970, a curmudgeonly history teacher at a New England boarding school remains on campus during Christmas break to supervise held over students, and ends up forming an unlikely bond with a brainy but damaged troublemaker.",English,United States,Won 1 Oscar. 137 wins & 211 nominations total,"[{'Source': 'Internet Movie Database', 'Value': '7.9/10'}, {'Source': 'Rotten Tomatoes', 'Value': '97%'}, {'Source': 'Metacritic', 'Value': '82/100'}]",82.0,7.9,"247,029",tt14849194,movie,"$20,355,375"
Sound of Metal,2019,R,04 Dec 2020,120,"Drama, Music",Darius Marder,"Darius Marder, Abraham Marder, Derek Cianfrance","Riz Ahmed, Olivia Cooke, Paul Raci","During a series of adrenaline-fueled gigs, itinerant punk-metal drummer Ruben begins to experience hearing loss. When a specialist tells him his condition will rapidly worsen, he thinks his music career - and with it his life - is...","English, American Sign , French, Persian",United States,Won 2 Oscars. 90 wins & 179 nominations total,"[{'Source': 'Internet Movie Database', 'Value': '7.7/10'}, {'Source': 'Rotten Tomatoes', 'Value': '97%'}, {'Source': 'Metacritic', 'Value': '82/100'}]",82.0,7.7,"183,644",tt5363618,movie,
Minari,2020,PG-13,12 Feb 2021,115,Drama,Lee Isaac Chung,Lee Isaac Chung,"Steven Yeun, Han Ye-ri, Alan Kim","A Korean American family moves to an Arkansas farm in search of its own American dream. Amidst the challenges of new life in the strange and rugged Ozarks, they discover the undeniable resilience of family and what really makes a ...","Korean, English",United States,Won 1 Oscar. 120 wins & 241 nominations total,"[{'Source': 'Internet Movie Database', 'Value': '7.4/10'}, {'Source': 'Rotten Tomatoes', 'Value': '98%'}, {'Source': 'Metacritic', 'Value': '89/100'}]",89.0,7.4,"105,340",tt10633456,movie,"$3,110,580"
Lady Bird,2017,R,01 Dec 2017,94,"Comedy, Drama",Greta Gerwig,Greta Gerwig,"Saoirse Ronan, Laurie Metcalf, Tracy Letts","A fiercely independent teenager tries to make her own way in the world while wanting to get out of her hometown of Sacramento, California, and to get away from her complicated mother and recently-unemployed father.","English, Spanish",United States,Nominated for 5 Oscars. 124 wins & 228 nominations total,"[{'Source': 'Internet Movie Database', 'Value': '7.4/10'}, {'Source': 'Rotten Tomatoes', 'Value': '99%'}, {'Source': 'Metacritic', 'Value': '93/100'}]",93.0,7.4,"363,036",tt4925292,movie,"$48,958,273"
Little Women,2019,PG,25 Dec 2019,135,"Drama, Romance",Greta Gerwig,"Greta Gerwig, Louisa May Alcott","Saoirse Ronan, Emma Watson, Florence Pugh","In 19th century Massachusetts, the March sisters--Meg, Jo, Beth, and Amy--on the threshold of womanhood, go through many ups and downs in life and endeavor to make important decisions about their futures.","English, French",United States,Won 1 Oscar. 73 wins & 229 nominations total,"[{'Source': 'Internet Movie Database', 'Value': '7.8/10'}, {'Source': 'Rotten Tomatoes', 'Value': '95%'}, {'Source': 'Metacritic', 'Value': '91/100'}]",91.0,7.8,"283,447",tt3281548,movie,"$108,101,214"
Marriage Story,2019,R,06 Dec 2019,137,"Drama, Romance",Noah Baumbach,Noah Baumbach,"Adam Driver, Scarlett Johansson, Julia Greer",A stage director and his actor wife struggle through a grueling divorce that pushes them to their personal and creative extremes. Noah Baumbach's incisive and compassionate look at a marriage breaking up and a family staying toget...,"English, Spanish","United Kingdom, United States",Won 1 Oscar. 129 wins & 269 nominations total,"[{'Source': 'Internet Movie Database', 'Value': '7.9/10'}, {'Source': 'Rotten Tomatoes', 'Value': '95%'}, {'Source': 'Metacritic', 'Value': '94/100'}]",94.0,7.9,"369,658",tt7653254,movie,
Blue Valentine,2010,R,28 Jan 2011,112,"Drama, Romance",Derek Cianfrance,"Derek Cianfrance, Joey Curtis, Cami Delavigne","Ryan Gosling, Michelle Williams, John Doman",A couple cannot halt the downward spiral of their marriage.,English,United States,Nominated for 1 Oscar. 9 wins & 56 nominations total,"[{'Source': 'Internet Movie Database', 'Value': '7.3/10'}, {'Source': 'Rotten Tomatoes', 'Value': '87%'}, {'Source': 'Metacritic', 'Value': '81/100'}]",81.0,7.3,"223,210",tt1120985,movie,"$9,706,328"
Before Sunrise,1995,R,27 Jan 1995,101,"Comedy, Drama, Romance",Richard Linklater,"Richard Linklater, Kim Krizan","Ethan Hawke, Julie Delpy, Andrea Eckert","A young man and woman meet on a train in Europe, and wind up spending one evening together in Vienna. Unfortunately, both know that this will probably be their only night together.","English, German, French","United States, Austria",2 wins & 7 nominations total,"[{'Source': 'Internet Movie Database', 'Value': '8.1/10'}, {'Source': 'Rotten Tomatoes', 'Value': '100%'}, {'Source': 'Metacritic', 'Value': '79/100'}]",79.0,8.1,"373,558",tt0112471,movie,"$5,535,405"
Before Sunset,2004,R,30 Jul 2004,80,"Drama, Romance",Richard Linklater,"Richard Linklater, Julie Delpy, Ethan Hawke","Ethan Hawke, Julie Delpy, Vernon Dobtcheff","Nine years after Jesse and Celine first met, they encounter each other again on the French leg of Jesse's book tour.","English, French",United States,Nominated for 1 Oscar. 10 wins & 32 nominations total,"[{'Source': 'Internet Movie Database', 'Value': '8.1/10'}, {'Source': 'Rotten Tomatoes', 'Value': '94%'}, {'Source': 'Metacritic', 'Value': '91/100'}]",91.0,8.1,"309,299",tt0381681,movie,"$5,820,649"
Before Midnight,2013,R,14 Jun 2013,109,"Drama, Romance",Richard Linklater,"Richard Linklater, Julie Delpy, Ethan Hawke","Ethan Hawke, Julie Delpy, Seamus Davey-Fitzpatrick",We meet Jesse and Celine nine years on in Greece. Almost two decades have passed since their first meeting on that train bound for Vienna.,"English, Greek, French","United States, Greece",Nominated for 1 Oscar. 20 wins & 64 nominations total,"[{'Source': 'Internet Movie Database', 'Value': '7.9/10'}, {'Source': 'Rotten Tomatoes', 'Value': '98%'}, {'Source': 'Metacritic', 'Value': '94/100'}]",94.0,7.9,"183,223",tt2209418,movie,"$8,114,627"
500 Days of Summer,2009,PG-13,07 Aug 2009,95,"Comedy, Drama, Romance",Marc Webb,"Scott Neustadter, Michael H. Weber","Zooey Deschanel, Joseph Gordon-Levitt, Geoffrey Arend","After being dumped by the girl he believes to be his soulmate, hopeless romantic Tom Hansen reflects on their relationship to try and figure out where things went wrong and how he can win her back.","English, French, Swedish",United States,17 wins & 58 nominations total,"[{'Source': 'Internet Movie Database', 'Value': '7.6/10'}, {'Source': 'Rotten Tomatoes', 'Value': '86%'}, {'Source': 'Metacritic', 'Value': '76/100'}]",76.0,7.6,"613,237",tt1022603,movie,"$32,391,374"
About Time,2013,R,08 Nov 2013,123,"Comedy, Drama, Fantasy",Richard Curtis,Richard Curtis,"Domhnall Gleeson, Rachel McAdams, Bill Nighy","At the age of 21, Tim discovers he can travel in time and change what happens and has happened in his own life. His decision to make his world a better place by getting a girlfriend turns out not to be as easy as you might think.",English,"United Kingdom, United States",3 wins & 9 nominations total,"[{'Source': 'Internet Movie Database', 'Value': '7.8/10'}, {'Source': 'Rotten Tomatoes', 'Value': '70%'}, {'Source': 'Metacritic', 'Value': '55/100'}]",55.0,7.8,"429,483",tt2194499,movie,"$15,322,921"
The Perks of Being a Wallflower,2012,PG-13,12 Oct 2012,103,Drama,Stephen Chbosky,Stephen Chbosky,"Logan Lerman, Emma Watson, Ezra Miller",A pair of charismatic seniors take socially awkward Charlie under their wing.,English,United States,20 wins & 51 nominations total,"[{'Source': 'Internet Movie Database', 'Value': '7.9/10'}, {'Source': 'Rotten Tomatoes', 'Value': '85%'}, {'Source': 'Metacritic', 'Value': '67/100'}]",67.0,7.9,"594,589",tt1659337,movie,"$17,742,948"
The Spectacular Now,2013,R,13 Sep 2013,95,"Drama, Romance",James Ponsoldt,"Scott Neustadter, Michael H. Weber, Tim Tharp","Miles Teller, Shailene Woodley, Kyle Chandler","A hard-partying high school senior's philosophy on life changes when he meets the not-so-typical ""nice girl.""",English,United States,9 wins & 32 nominations total,"[{'Source': 'Internet Movie Database', 'Value': '7.0/10'}, {'Source': 'Rotten Tomatoes', 'Value': '92%'}, {'Source': 'Metacritic', 'Value': '82/100'}]",82.0,7.0,"167,713",tt1714206,movie,"$6,854,611"
The Breakfast Club,1985,R,15 Feb 1985,97,"Comedy, Drama",John Hughes,John Hughes,"Emilio Estevez, Judd Nelson, Molly Ringwald",Five high school students meet in Saturday detention and discover how they have a great deal more in common than they thought.,English,United States,4 wins total,"[{'Source': 'Internet Movie Database', 'Value': '7.8/10'}, {'Source': 'Rotten Tomatoes', 'Value': '87%'}, {'Source': 'Metacritic', 'Value': '66/100'}]",66.0,7.8,"469,508",tt0088847,movie,"$46,434,721"
Stand by Me,1986,R,22 Aug 1986,89,"Adventure, Comedy, Drama",Rob Reiner,"Stephen King, Raynold Gideon, Bruce A. Evans","Wil Wheaton, River Phoenix, Corey Feldman",A writer recounts a childhood journey with his friends to find the body of a missing boy.,English,United States,Nominated for 1 Oscar. 6 wins & 12 nominations total,"[{'Source': 'Internet Movie Database', 'Value': '8.1/10'}, {'Source': 'Rotten Tomatoes', 'Value': '89%'}, {'Source': 'Metacritic', 'Value': '75/100'}]",75.0,8.1,"480,200",tt0092005,movie,"$52,287,414"
The Goonies,1985,PG,07 Jun 1985,114,"Adventure, Comedy, Family",Richard Donner,"Chris Columbus, Steven Spielberg","Sean Astin, Josh Brolin, Jeff Cohen",A group of young misfits called The Goonies discover an ancient map and set out on an adventure to find a legendary pirate's long-lost treasure.,"English, Spanish, Cantonese, Italian",United States,4 wins & 7 nominations total,"[{'Source': 'Internet Movie Database', 'Value': '7.7/10'}, {'Source': 'Rotten Tomatoes', 'Value': '77%'}, {'Source': 'Metacritic', 'Value': '62/100'}]",62.0,7.7,"324,418",tt0089218,movie,"$64,347,714"
Ferris Bueller's Day Off,1986,PG-13,11 Jun 1986,103,Comedy,John Hughes,John Hughes,"Matthew Broderick, Alan Ruck, Mia Sara","A brash, cocky high school senior, tired of skipping school to spend a boring day at home, is determined to enjoy an epic day roaring around his favorite Chicago sites, enlisting his best friend and girlfriend to join him on the a...","English, German",United States,3 wins & 1 nomination total,"[{'Source': 'Internet Movie Database', 'Value': '7.8/10'}, {'Source': 'Rotten Tomatoes', 'Value': '85%'}, {'Source': 'Metacritic', 'Value': '61/100'}]",61.0,7.8,"413,405",tt0091042,movie,"$70,136,369"
American Graffiti,1973,PG,11 Aug 1973,110,"Comedy, Drama",George Lucas,"George Lucas, Gloria Katz, Willard Huyck","Richard Dreyfuss, Ron Howard, Paul Le Mat",A group of teenagers in California's central valley spend one final night after their 1962 high school graduation cruising the strip with their buddies before they pursue their varying goals.,English,United States,Nominated for 5 Oscars. 9 wins & 13 nominations total,"[{'Source': 'Internet Movie Database', 'Value': '7.4/10'}, {'Source': 'Rotten Tomatoes', 'Value': '95%'}, {'Source': 'Metacritic', 'Value': '97/100'}]",97.0,7.4,"104,185",tt0069704,movie,"$115,000,000"
The Graduate,1967,PG,21 Dec 1967,106,"Comedy, Drama, Romance",Mike Nichols,"Calder Willingham, Buck Henry, Charles Webb","Dustin Hoffman, Anne Bancroft, Katharine Ross",A disillusioned college graduate finds himself torn between his older lover and her daughter.,English,United States,Won 1 Oscar. 22 wins & 17 nominations total,"[{'Source': 'Internet Movie Database', 'Value': '8.0/10'}, {'Source': 'Rotten Tomatoes', 'Value': '87%'}, {'Source': 'Metacritic', 'Value': '83/100'}]",83.0,8.0,"301,414",tt0061722,movie,"$104,945,305"
Donnie Brasco,1997,R,28 Feb 1997,127,"Biography, Crime, Drama",Mike Newell,"Joseph D. Pistone, Richard Woodley, Paul Attanasio","Al Pacino, Johnny Depp, Michael Madsen",An FBI undercover agent infiltrates the mob and finds himself identifying more with the Mafia life--at the expense of his regular one.,"English, Italian, Japanese",United States,Nominated for 1 Oscar. 2 wins & 16 nominations total,"[{'Source': 'Internet Movie Database', 'Value': '7.7/10'}, {'Source': 'Rotten Tomatoes', 'Value': '88%'}, {'Source': 'Metacritic', 'Value': '77/100'}]",77.0,7.7,"352,285",tt0119008,movie,"$41,909,762"
A Bronx Tale,1993,R,01 Oct 1993,121,"Crime, Drama",Robert De Niro,Chazz Palminteri,"Robert De Niro, Chazz Palminteri, Lillo Brancato","An intense drama about a boy torn between his tough, hard-working father and a violent yet charismatic crime boss.","English, Italian",United States,1 win & 4 nominations total,"[{'Source': 'Internet Movie Database', 'Value': '7.8/10'}, {'Source': 'Rotten Tomatoes', 'Value': '97%'}, {'Source': 'Metacritic', 'Value': '80/100'}]",80.0,7.8,"183,023",tt0106489,movie,"$17,287,898"
The Untouchables,1987,R,03 Jun 1987,119,"Crime, Drama, Thriller",Brian De Palma,"David Mamet, Oscar Fraley, Eliot Ness","Kevin Costner, Sean Connery, Robert De Niro","During Prohibition, Treasury agent Eliot Ness sets out to stop ruthless Chicago gangster Al Capone, and assembles a small, incorruptible team to help him.",English,United States,Won 1 Oscar. 11 wins & 18 nominations total,"[{'Source': 'Internet Movie Database', 'Value': '7.8/10'}, {'Source': 'Rotten Tomatoes', 'Value': '83%'}, {'Source': 'Metacritic', 'Value': '79/100'}]",79.0,7.8,"351,862",tt0094226,movie,"$76,270,454"
The French Connection,1971,R,09 Oct 1971,104,"Action, Crime, Drama",William Friedkin,"Ernest Tidyman, Robin Moore, William Friedkin","Gene Hackman, Roy Scheider, Fernando Rey","A pair of NYPD detectives in the Narcotics Bureau stumble onto a heroin smuggling ring based in Marseilles, but stopping them and capturing their leaders proves an elusive goal.","English, French, Italian","United States, France",Won 5 Oscars. 22 wins & 13 nominations total,"[{'Source': 'Internet Movie Database', 'Value': '7.7/10'}, {'Source': 'Rotten Tomatoes', 'Value': '97%'}, {'Source': 'Metacritic', 'Value': '94/100'}]",94.0,7.7,"149,165",tt0067116,movie,"$51,700,000"
Serpico,1973,R,05 Dec 1973,130,"Biography, Crime, Drama",Sidney Lumet,"Peter Maas, Waldo Salt, Norman Wexler","Al Pacino, John Randolph, Jack Kehoe",An honest New York cop named Frank Serpico blows the whistle on rampant corruption in the force only to have his comrades turn against him.,"English, Italian, Spanish","United States, Italy",Nominated for 2 Oscars. 8 wins & 13 nominations total,"[{'Source': 'Internet Movie Database', 'Value': '7.7/10'}, {'Source': 'Rotten Tomatoes', 'Value': '93%'}, {'Source': 'Metacritic', 'Value': '83/100'}]",83.0,7.7,"141,485",tt0070666,movie,"$29,800,000"
Dog Day Afternoon,1975,R,25 Dec 1975,125,"Biography, Crime, Drama",Sidney Lumet,"Frank Pierson, P.F. Kluge, Thomas Moore","Al Pacino, John Cazale, Penelope Allen","Three amateur robbers plan to hold up a Brooklyn bank. A nice, simple robbery: Walk in, take the money, and run. Unfortunately, the supposedly uncomplicated heist suddenly becomes a bizarre nightmare as everything that could go wr...",English,United States,Won 1 Oscar. 14 wins & 20 nominations total,"[{'Source': 'Internet Movie Database', 'Value': '8.0/10'}, {'Source': 'Rotten Tomatoes', 'Value': '94%'}, {'Source': 'Metacritic', 'Value': '86/100'}]",86.0,8.0,"286,476",tt0072890,movie,"$50,000,000"
Mean Streets,1973,R,14 Oct 1973,112,"Crime, Drama, Thriller",Martin Scorsese,"Martin Scorsese, Mardik Martin","Robert De Niro, Harvey Keitel, David Proval","In New York City's Little Italy, a devoutly Catholic mobster must reconcile his desire for power, his feelings for his epileptic girlfriend, and his devotion to his troublesome friend.","English, Italian, German, Yiddish",United States,5 wins & 5 nominations total,"[{'Source': 'Internet Movie Database', 'Value': '7.2/10'}, {'Source': 'Rotten Tomatoes', 'Value': '92%'}, {'Source': 'Metacritic', 'Value': '96/100'}]",96.0,7.2,"124,697",tt0070379,movie,"$32,645"
The Conversation,1974,PG,12 Apr 1974,113,"Drama, Mystery, Thriller",Francis Ford Coppola,Francis Ford Coppola,"Gene Hackman, John Cazale, Allen Garfield","A paranoid, secretive surveillance expert has a crisis of conscience when he suspects that the couple he is spying on will be murdered.",English,United States,Nominated for 3 Oscars. 14 wins & 17 nominations total,"[{'Source': 'Internet Movie Database', 'Value': '7.7/10'}, {'Source': 'Rotten Tomatoes', 'Value': '94%'}, {'Source': 'Metacritic', 'Value': '88/100'}]",88.0,7.7,"133,330",tt0071360,movie,"$4,852,199"
Chinatown,1974,R,20 Jun 1974,130,"Drama, Mystery, Thriller",Roman Polanski,"Robert Towne, Roman Polanski","Jack Nicholson, Faye Dunaway, John Huston","A private detective hired to expose an adulterer in 1930s Los Angeles finds himself caught up in a web of deceit, corruption, and murder.","English, Cantonese, Spanish",United States,Won 1 Oscar. 21 wins & 24 nominations total,"[{'Source': 'Internet Movie Database', 'Value': '8.1/10'}, {'Source': 'Rotten Tomatoes', 'Value': '98%'}, {'Source': 'Metacritic', 'Value': '92/100'}]",92.0,8.1,"374,788",tt0071315,movie,"$29,200,000"
Unbreakable,2000,PG-13,22 Nov 2000,106,"Drama, Mystery, Sci-Fi",M. Night Shyamalan,M. Night Shyamalan,"Bruce Willis, Samuel L. Jackson, Robin Wright",A man learns something extraordinary about himself after a devastating accident.,English,United States,2 wins & 16 nominations total,"[{'Source': 'Internet Movie Database', 'Value': '7.3/10'}, {'Source': 'Rotten Tomatoes', 'Value': '71%'}, {'Source': 'Metacritic', 'Value': '62/100'}]",62.0,7.3,"465,464",tt0217869,movie,"$95,011,339"
Split,2016,PG-13,20 Jan 2017,117,"Horror, Thriller",M. Night Shyamalan,M. Night Shyamalan,"James McAvoy, Anya Taylor-Joy, Haley Lu Richardson",Three girls are kidnapped by a man with a diagnosed 23 distinct personalities. They must try to escape before the apparent emergence of a frightful new 24th.,English,"United States, Japan",10 wins & 27 nominations total,"[{'Source': 'Internet Movie Database', 'Value': '7.3/10'}, {'Source': 'Rotten Tomatoes', 'Value': '79%'}, {'Source': 'Metacritic', 'Value': '63/100'}]",63.0,7.3,"616,174",tt4972582,movie,"$138,291,365"
Glass,2019,PG-13,18 Jan 2019,129,"Drama, Fantasy, Horror",M. Night Shyamalan,M. Night Shyamalan,"James McAvoy, Bruce Willis, Samuel L. Jackson","Security guard David Dunn uses his supernatural abilities to track Kevin Wendell Crumb, a disturbed man who has twenty-four personalities.","English, Spanish","United States, China",2 wins & 15 nominations total,"[{'Source': 'Internet Movie Database', 'Value': '6.6/10'}, {'Source': 'Rotten Tomatoes', 'Value': '37%'}, {'Source': 'Metacritic', 'Value': '43/100'}]",43.0,6.6,"302,015",tt6823368,movie,"$111,048,468"
Signs,2002,PG-13,02 Aug 2002,106,"Drama, Mystery, Sci-Fi",M. Night Shyamalan,M. Night Shyamalan,"Mel Gibson, Joaquin Phoenix, Rory Culkin","A widowed former reverend living with his children and brother on a Pennsylvania farm finds mysterious crop circles in their fields, which suggests something more frightening to come.","English, Portuguese",United States,3 wins & 34 nominations total,"[{'Source': 'Internet Movie Database', 'Value': '6.8/10'}, {'Source': 'Rotten Tomatoes', 'Value': '76%'}, {'Source': 'Metacritic', 'Value': '59/100'}]",59.0,6.8,"409,811",tt0286106,movie,"$227,966,634"
The Village,2004,PG-13,30 Jul 2004,108,"Drama, Mystery, Thriller",M. Night Shyamalan,M. Night Shyamalan,"Sigourney Weaver, William Hurt, Joaquin Phoenix",A series of events tests the beliefs of a small isolated countryside village.,English,United States,Nominated for 1 Oscar. 4 wins & 24 nominations total,"[{'Source': 'Internet Movie Database', 'Value': '6.6/10'}, {'Source': 'Rotten Tomatoes', 'Value': '43%'}, {'Source': 'Metacritic', 'Value': '44/100'}]",44.0,6.6,"290,036",tt0368447,movie,"$114,197,520"
Old,2021,PG-13,23 Jul 2021,108,"Drama, Mystery, Thriller",M. Night Shyamalan,"M. Night Shyamalan, Pierre-Oscar Lévy, Frederik Peeters","Gael García Bernal, Vicky Krieps, Rufus Sewell","A vacationing family discovers that the secluded beach where they're relaxing for a few hours is somehow causing them to age rapidly, reducing their entire lives into a single day.",English,"United States, China, Japan",1 win & 7 nominations total,"[{'Source': 'Internet Movie Database', 'Value': '5.8/10'}, {'Source': 'Rotten Tomatoes', 'Value': '50%'}, {'Source': 'Metacritic', 'Value': '55/100'}]",55.0,5.8,"182,135",tt10954652,movie,"$48,276,510"
The Visit,2015,PG-13,11 Sep 2015,94,"Horror, Mystery, Thriller",M. Night Shyamalan,M. Night Shyamalan,"Olivia DeJonge, Ed Oxenbould, Deanna Dunagan",Two siblings become increasingly frightened by their grandparents' disturbing behavior while visiting them on vacation.,English,United States,1 win & 15 nominations total,"[{'Source': 'Internet Movie Database', 'Value': '6.3/10'}, {'Source': 'Rotten Tomatoes', 'Value': '68%'}, {'Source': 'Metacritic', 'Value': '55/100'}]",55.0,6.3,"178,173",tt3567288,movie,"$65,206,105"
Panic Room,2002,R,29 Mar 2002,112,"Crime, Drama, Thriller",David Fincher,David Koepp,"Jodie Foster, Kristen Stewart, Forest Whitaker","A divorced woman and her diabetic daughter take refuge in their newly-purchased house's safe room when three men break-in, searching for a missing fortune.",English,United States,1 win & 9 nominations total,"[{'Source': 'Internet Movie Database', 'Value': '6.8/10'}, {'Source': 'Rotten Tomatoes', 'Value': '76%'}, {'Source': 'Metacritic', 'Value': '65/100'}]",65.0,6.8,"313,150",tt0258000,movie,"$96,397,334"
Mank,2020,R,04 Dec 2020,131,"Biography, Drama",David Fincher,Jack Fincher,"Gary Oldman, Amanda Seyfried, Lily Collins",Scathing social critic and alcoholic screenwriter Herman J. Mankiewicz reflects on 1930s Hollywood as he races to finish the screenplay of Citizen Kane (1941).,"English, German, Latin",United States,Won 2 Oscars. 65 wins & 270 nominations total,"[{'Source': 'Internet Movie Database', 'Value': '6.8/10'}, {'Source': 'Rotten Tomatoes', 'Value': '83%'}, {'Source': 'Metacritic', 'Value': '79/100'}]",79.0,6.8,"103,814",tt10618286,movie,
Air,2023,R,05 Apr 2023,111,"Drama, Sport",Ben Affleck,Alex Convery,"Matt Damon, Jason Bateman, Ben Affleck",The history of the game-changing partnership between a then undiscovered Michael Jordan and Nike's fledgling basketball division which revolutionized the world of sports and culture with the Air Jordan brand.,English,United States,5 wins & 48 nominations total,"[{'Source': 'Internet Movie Database', 'Value': '7.4/10'}, {'Source': 'Rotten Tomatoes', 'Value': '93%'}, {'Source': 'Metacritic', 'Value': '73/100'}]",73.0,7.4,"190,839",tt16419074,movie,"$52,460,106"
The Accountant,2016,R,14 Oct 2016,128,"Action, Crime, Drama",Gavin O'Connor,Bill Dubuque,"Ben Affleck, Anna Kendrick, J.K. Simmons","As a math savant uncooks the books for a new client, the treasury department closes in on his activities and the body count starts to rise.","English, Indonesian, French",United States,3 wins & 5 nominations total,"[{'Source': 'Internet Movie Database', 'Value': '7.3/10'}, {'Source': 'Rotten Tomatoes', 'Value': '53%'}, {'Source': 'Metacritic', 'Value': '51/100'}]",51.0,7.3,"392,294",tt2140479,movie,"$86,260,045"
The Way Back,2010,PG-13,21 Jan 2011,133,"Adventure, Drama, History",Peter Weir,"Peter Weir, Keith R. Clarke, Slavomir Rawicz","Jim Sturgess, Ed Harris, Colin Farrell",Siberian gulag escapees travel four thousand miles by foot to freedom in India.,"English, Russian, Polish, Tibetan, Mongolian","United States, Poland, United Arab Emirates, India",Nominated for 1 Oscar. 4 wins & 5 nominations total,"[{'Source': 'Internet Movie Database', 'Value': '7.3/10'}, {'Source': 'Rotten Tomatoes', 'Value': '73%'}, {'Source': 'Metacritic', 'Value': '66/100'}]",66.0,7.3,"124,595",tt1023114,movie,"$2,701,859"
Rush,2013,R,27 Sep 2013,123,"Biography, Drama, Sport",Ron Howard,Peter Morgan,"Daniel Brühl, Chris Hemsworth, Olivia Wilde","James Hunt and Niki Lauda, two extremely skilled Formula One racers, have an intense rivalry with each other. However, it is their enmity that pushes them to their limits.","English, German, Italian, French, Japanese, Spanish","United Kingdom, United States",Won 1 BAFTA Award6 wins & 66 nominations total,"[{'Source': 'Internet Movie Database', 'Value': '8.1/10'}, {'Source': 'Rotten Tomatoes', 'Value': '88%'}, {'Source': 'Metacritic', 'Value': '74/100'}]",74.0,8.1,"554,701",tt1979320,movie,"$26,947,624"
Warrior,2011,PG-13,09 Sep 2011,140,"Action, Drama, Sport",Gavin O'Connor,"Gavin O'Connor, Anthony Tambakis, Cliff Dorfman","Tom Hardy, Nick Nolte, Joel Edgerton","The youngest son of an alcoholic former boxer returns home, where he's trained by his father for competition in a mixed martial arts tournament - a path that puts the fighter on a collision course with his estranged, older brother.","English, Spanish",United States,Nominated for 1 Oscar. 6 wins & 22 nominations total,"[{'Source': 'Internet Movie Database', 'Value': '8.1/10'}, {'Source': 'Rotten Tomatoes', 'Value': '84%'}, {'Source': 'Metacritic', 'Value': '71/100'}]",71.0,8.1,"525,944",tt1291584,movie,"$13,657,115"
Creed,2015,PG-13,25 Nov 2015,133,"Action, Drama, Sport",Ryan Coogler,"Ryan Coogler, Aaron Covington, Sylvester Stallone","Michael B. Jordan, Sylvester Stallone, Tessa Thompson","The former World Heavyweight Champion Rocky Balboa serves as a trainer and mentor to Adonis Johnson, the son of his late friend and former rival Apollo Creed.","English, Spanish",United States,Nominated for 1 Oscar. 45 wins & 66 nominations total,"[{'Source': 'Internet Movie Database', 'Value': '7.6/10'}, {'Source': 'Rotten Tomatoes', 'Value': '95%'}, {'Source': 'Metacritic', 'Value': '82/100'}]",82.0,7.6,"330,457",tt3076658,movie,"$109,778,883"
Rocky,1976,PG,03 Dec 1976,120,"Drama, Sport",John G. Avildsen,Sylvester Stallone,"Sylvester Stallone, Talia Shire, Burt Young",A small-time Philadelphia boxer gets a supremely rare chance to fight the world heavyweight champion in a bout in which he strives to go the distance for his self-respect.,"English, Spanish, Italian",United States,Won 3 Oscars. 23 wins & 23 nominations total,"[{'Source': 'Internet Movie Database', 'Value': '8.1/10'}, {'Source': 'Rotten Tomatoes', 'Value': '93%'}, {'Source': 'Metacritic', 'Value': '70/100'}]",70.0,8.1,"683,546",tt0075148,movie,"$117,235,147"
Rocky II,1979,PG,15 Jun 1979,119,"Drama, Sport",Sylvester Stallone,Sylvester Stallone,"Sylvester Stallone, Talia Shire, Burt Young","Rocky struggles in family life after his bout with Apollo Creed, while the embarrassed champ insistently goads him to accept a challenge for a rematch.","English, Italian",United States,2 wins & 2 nominations total,"[{'Source': 'Internet Movie Database', 'Value': '7.3/10'}, {'Source': 'Rotten Tomatoes', 'Value': '68%'}, {'Source': 'Metacritic', 'Value': '61/100'}]",61.0,7.3,"244,365",tt0079817,movie,"$85,182,160"
Million Dollar Baby,2005,PG-13,28 Jan 2005,132,"Drama, Sport",Clint Eastwood,"Paul Haggis, F.X. Toole","Hilary Swank, Clint Eastwood, Morgan Freeman","Frankie, an ill-tempered old coach, reluctantly agrees to train aspiring boxer Maggie. Impressed with her determination and talent, he helps her become the best and the two soon form a close bond.","English, Irish Gaelic, German",United States,Won 4 Oscars. 68 wins & 86 nominations total,"[{'Source': 'Internet Movie Database', 'Value': '8.1/10'}, {'Source': 'Rotten Tomatoes', 'Value': '90%'}, {'Source': 'Metacritic', 'Value': '86/100'}]",86.0,8.1,"765,230",tt0405159,movie,"$100,492,203"
Gran Torino,2008,R,09 Jan 2009,116,Drama,Clint Eastwood,"Nick Schenk, Dave Johannson","Clint Eastwood, Bee Vang, Christopher Carley","After a Hmong teenager tries to steal his prized 1972 Gran Torino, a disgruntled, prejudiced Korean War veteran seeks to redeem both the boy and himself.","English, Hmong","Germany, United States",21 wins & 23 nominations total,"[{'Source': 'Internet Movie Database', 'Value': '8.1/10'}, {'Source': 'Rotten Tomatoes', 'Value': '81%'}, {'Source': 'Metacritic', 'Value': '73/100'}]",73.0,8.1,"854,482",tt1205489,movie,"$148,095,302"
Unforgiven,1992,R,07 Aug 1992,130,"Drama, Western",Clint Eastwood,David Webb Peoples,"Clint Eastwood, Gene Hackman, Morgan Freeman","Retired Old West gunslinger Will Munny reluctantly takes on one last job to avenge an injustice with the help of his old partner and a young would-be gunman calling himself ""The Schofield Kid"".",English,United States,Won 4 Oscars. 52 wins & 47 nominations total,"[{'Source': 'Internet Movie Database', 'Value': '8.2/10'}, {'Source': 'Rotten Tomatoes', 'Value': '96%'}, {'Source': 'Metacritic', 'Value': '85/100'}]",85.0,8.2,"465,109",tt0105695,movie,"$101,167,799"
The Outlaw Josey Wales,1976,PG,30 Jun 1976,135,"Drama, Western",Clint Eastwood,"Forrest Carter, Philip Kaufman, Sonia Chernus","Clint Eastwood, Sondra Locke, Chief Dan George",Missouri farmer Josey Wales joins a Confederate guerrilla unit and winds up on the run from the Union soldiers who murdered his family.,"English, Navajo, Spanish",United States,Nominated for 1 Oscar. 1 win & 2 nominations total,"[{'Source': 'Internet Movie Database', 'Value': '7.8/10'}, {'Source': 'Rotten Tomatoes', 'Value': '91%'}, {'Source': 'Metacritic', 'Value': '69/100'}]",69.0,7.8,"83,734",tt0075029,movie,"$31,800,000"
A Fistful of Dollars,1967,R,18 Jan 1967,99,"Drama, Western",Sergio Leone,"Adriano Bolzoni, Mark Lowell, Víctor Andrés Catena","Clint Eastwood, Gian Maria Volontè, Marianne Koch","A wandering gunfighter plays two rival families against each other in a town torn apart by greed, pride, and revenge.","English, Italian","Italy, Spain, West Germany",1 win & 5 nominations total,"[{'Source': 'Internet Movie Database', 'Value': '7.9/10'}, {'Source': 'Rotten Tomatoes', 'Value': '98%'}, {'Source': 'Metacritic', 'Value': '65/100'}]",65.0,7.9,"253,277",tt0058461,movie,"$14,500,000"
For a Few Dollars More,1967,R,10 May 1967,132,"Drama, Western",Sergio Leone,"Sergio Leone, Fulvio Morsella, Luciano Vincenzoni","Clint Eastwood, Lee Van Cleef, Gian Maria Volontè",Two bounty killers with similar intentions but different motivations team up to take down a psychotic Mexican outlaw before he and his gang can carry out an audacious bank robbery.,"English, Italian","Italy, Spain, West Germany",3 nominations total,"[{'Source': 'Internet Movie Database', 'Value': '8.2/10'}, {'Source': 'Rotten Tomatoes', 'Value': '92%'}, {'Source': 'Metacritic', 'Value': '74/100'}]",74.0,8.2,"299,823",tt0059578,movie,"$15,000,000"
Isle of Dogs,2018,PG-13,13 Apr 2018,101,"Animation, Adventure, Comedy",Wes Anderson,"Wes Anderson, Kunichi Nomura, Roman Coppola","Bryan Cranston, Koyu Rankin, Edward Norton","Set in Japan, Isle of Dogs follows a boy's odyssey in search of his lost dog.","English, Japanese","United States, United Kingdom, Germany, Japan",Nominated for 2 Oscars. 34 wins & 95 nominations total,"[{'Source': 'Internet Movie Database', 'Value': '7.8/10'}, {'Source': 'Rotten Tomatoes', 'Value': '90%'}, {'Source': 'Metacritic', 'Value': '82/100'}]",82.0,7.8,"210,613",tt5104604,movie,"$32,015,231"
The Darjeeling Limited,2007,R,26 Oct 2007,91,"Adventure, Comedy, Drama",Wes Anderson,"Wes Anderson, Roman Coppola, Jason Schwartzman","Owen Wilson, Adrien Brody, Jason Schwartzman","A year after their father's funeral, three brothers travel across India by train in an attempt to bond with each other.","English, Hindi, German, Punjabi, Tibetan, French","United States, India",4 wins & 3 nominations total,"[{'Source': 'Internet Movie Database', 'Value': '7.2/10'}, {'Source': 'Rotten Tomatoes', 'Value': '69%'}, {'Source': 'Metacritic', 'Value': '67/100'}]",67.0,7.2,"233,924",tt0838221,movie,"$11,902,715"
Rushmore,1999,R,19 Feb 1999,93,"Comedy, Drama, Romance",Wes Anderson,"Wes Anderson, Owen Wilson","Jason Schwartzman, Bill Murray, Olivia Williams","A teenager at Rushmore Academy falls for a much older teacher and befriends a middle-aged industrialist. Later, he finds out that his love interest and his friend are having an affair, which prompts him to begin a vendetta.","English, Spanish, Latin, French",United States,17 wins & 16 nominations total,"[{'Source': 'Internet Movie Database', 'Value': '7.6/10'}, {'Source': 'Rotten Tomatoes', 'Value': '90%'}, {'Source': 'Metacritic', 'Value': '87/100'}]",87.0,7.6,"208,163",tt0128445,movie,"$17,105,219"
The Life Aquatic with Steve Zissou,2004,R,25 Dec 2004,119,"Action, Adventure, Comedy",Wes Anderson,"Wes Anderson, Noah Baumbach","Bill Murray, Owen Wilson, Anjelica Huston","With a plan to exact revenge on a legendary shark that killed his partner, oceanographer Steve Zissou rallies a crew that includes his estranged wife, a journalist, and a man who may or may not be his son.","English, Icelandic, Filipino, Portuguese, French, Tagalog, German, Italian",United States,3 wins & 10 nominations total,"[{'Source': 'Internet Movie Database', 'Value': '7.2/10'}, {'Source': 'Rotten Tomatoes', 'Value': '73%'}, {'Source': 'Metacritic', 'Value': '62/100'}]",62.0,7.2,"220,871",tt0362270,movie,"$24,020,403"
Asteroid City,2023,PG-13,23 Jun 2023,105,"Comedy, Drama, Romance",Wes Anderson,"Wes Anderson, Roman Coppola","Jason Schwartzman, Scarlett Johansson, Tom Hanks",World-changing events spectacularly disrupt the annual Asteroid Day celebration in an American desert town.,English,United States,4 wins & 86 nominations total,"[{'Source': 'Internet Movie Database', 'Value': '6.4/10'}, {'Source': 'Rotten Tomatoes', 'Value': '76%'}, {'Source': 'Metacritic', 'Value': '76/100'}]",76.0,6.4,"144,362",tt14230388,movie,"$28,153,025"
